a,y,status,lower,upper
0.36787944117144233,nan,left,-inf,0.0
0.37252627797745813,0.46994567206648763,exact,-inf,inf
0.37723181089389796,nan,left,-inf,0.0
0.3819967813355184,nan,left,-inf,0.0
0.3868219400821911,nan,left,-inf,0.0
0.3917080473971978,nan,left,-inf,0.0
0.39665587314701894,nan,left,-inf,0.0
0.4016661969226357,nan,left,-inf,0.0
0.4067398081623643,nan,left,-inf,0.0
0.4118775062762414,nan,left,-inf,0.0
0.4170801007719814,nan,left,-inf,0.0
0.42234841138252405,nan,left,-inf,0.0
0.42768326819519376,nan,left,-inf,0.0
0.43308551178249005,nan,left,-inf,0.0
0.43855599333452977,nan,left,-inf,0.0
0.4440955747931631,nan,left,-inf,0.0
0.4497051289877828,nan,left,-inf,0.0
0.4553855397728493,nan,left,-inf,0.0
0.4611377021671531,nan,left,-inf,0.0
0.4669625224948355,nan,left,-inf,0.0
0.47286091852819184,nan,left,-inf,0.0
0.47883381963227734,nan,left,-inf,0.0
0.48488216691133995,nan,left,-inf,0.0
0.4910069133571036,nan,left,-inf,0.0
0.4972090239989231,nan,left,-inf,0.0
0.5034894760558366,nan,left,-inf,0.0
0.5098492590905388,nan,left,-inf,0.0
0.5162893751652984,nan,left,-inf,0.0
0.5228108389998457,nan,left,-inf,0.0
0.5294146781312536,0.29474510614105565,exact,-inf,inf
0.5361019330758399,nan,missing,-inf,inf
0.5428736574931119,nan,left,-inf,0.0
0.5497309183517848,nan,left,-inf,0.0
0.5566747960978953,nan,left,-inf,0.0
0.563706384825039,nan,left,-inf,0.0
0.5708267924467586,nan,left,-inf,0.0
0.5780371408711094,nan,left,-inf,0.0
0.5853385661774292,nan,left,-inf,0.0
0.5927322187953428,nan,left,-inf,0.0
0.6002192636860247,nan,interval,0.033531026034018224,0.23353102603401824
0.6078008805257549,nan,left,-inf,0.0
0.6154782638917898,nan,left,-inf,0.0
0.6232526234505842,nan,left,-inf,0.0
0.6311251841483873,nan,left,-inf,0.0
0.6390971864042498,nan,left,-inf,0.0
0.6471698863054667,nan,left,-inf,0.0
0.6553445558054886,0.052851525641631536,exact,-inf,inf
0.6636224829243347,nan,left,-inf,0.0
0.6720049719515355,0.0010022304785357317,exact,-inf,inf
0.6804933436516403,0.09796320728819918,exact,-inf,inf
0.6890889354723192,nan,left,-inf,0.0
0.6977931017550953,0.4181819967556105,exact,-inf,inf
0.7066072139487376,nan,left,-inf,0.0
0.7155326608253493,0.015709681200520145,exact,-inf,inf
0.7245708486991862,1.0476572592664624,exact,-inf,inf
0.7337232016482393,0.788400196130956,exact,-inf,inf
0.7429911617386155,nan,left,-inf,0.0
0.7523761892517524,nan,left,-inf,0.0
0.7618797629145047,nan,interval,0.010856226643168404,0.21085622664316842
0.7715033801321349,nan,left,-inf,0.0
0.7812485572242489,nan,left,-inf,0.0
0.7911168296637097,nan,missing,-inf,0.0
0.8011097523185711,0.24516534456674405,exact,-inf,inf
0.8112288996970659,0.7418431839385038,exact,-inf,inf
0.8214758661956891,0.2041148260069149,exact,-inf,inf
0.831852266350415,nan,left,-inf,0.0
0.8423597350910869,0.4940902724198628,exact,-inf,inf
0.8529999279990206,0.15416483485679083,exact,-inf,inf
0.8637745215678616,0.9093210736296724,exact,-inf,inf
0.8746852134677378,0.4555582085624438,exact,-inf,inf
0.8857337228127475,nan,left,-inf,0.0
0.8969217904318281,1.2523251989131414,exact,-inf,inf
0.9082511791430442,0.05495483026803599,exact,-inf,inf
0.9197236740313418,0.9069710351578643,exact,-inf,inf
0.9313410827298104,1.4519014138664692,exact,-inf,inf
0.9431052357044982,0.32174707666186503,exact,-inf,inf
0.9550179865428238,0.8034688312732887,exact,-inf,inf
0.9670812122456327,nan,interval,0.5501046285709856,0.7501046285709856
0.9792968135229411,0.37149863978513603,exact,-inf,inf
0.9916667150934169,nan,left,-inf,0.0
1.0041928659876425,0.2417181633326725,exact,-inf,inf
1.0168772398552086,0.47043031017601605,exact,-inf,inf
1.0297218352756872,0.18463500310398195,exact,-inf,inf
1.0427286760735324,0.48552819539974523,exact,-inf,inf
1.055899811636959,0.4724424300811503,exact,-inf,inf
1.069237317240848,0.7136744818507963,exact,-inf,inf
1.082743294373734,1.7452054149202523,exact,-inf,inf
1.096419871068918,0.915141892721851,exact,-inf,inf
1.1102692022397669,1.0170697964456146,exact,-inf,inf
1.1242934700192464,0.4202677689021502,exact,-inf,inf
1.1384948841037423,1.2760211437637068,exact,-inf,inf
1.1528756821012267,0.041194826253846184,exact,-inf,inf
1.1674381298838195,0.537711412336526,exact,-inf,inf
1.182184521944805,0.9891232206392259,exact,-inf,inf
1.1971171817601582,0.9570472008256111,exact,-inf,inf
1.2122384621546354,0.6084070942222367,exact,-inf,inf
1.227550745672493,nan,interval,1.2132487782563357,1.4132487782563359
1.243056444952885,1.5152670919362043,exact,-inf,inf
1.2587580031100052,nan,missing,-inf,inf
1.2746578941180287,1.1593577619145061,exact,-inf,inf
1.2907586232009183,1.5536940634261742,exact,-inf,inf
1.307062727227153,1.7006056963228282,exact,-inf,inf
1.3235727751094426,1.1465866846086625,exact,-inf,inf
1.3402913682094926,0.35220003779217346,exact,-inf,inf
1.3572211407478787,1.2844863610756416,exact,-inf,inf
1.3743647602191031,0.4563904540907663,exact,-inf,inf
1.3917249278118908,0.6927523467525158,exact,-inf,inf
1.4093043788347928,0.44049842350439916,exact,-inf,inf
1.427105883147171,0.8637035317992203,exact,-inf,inf
1.445132245595622,1.5287755649149855,exact,-inf,inf
1.4633863064559145,nan,left,-inf,0.0
1.4818709418805123,0.6428790218127068,exact,-inf,inf
1.5005890643517448,0.9193191288236161,exact,-inf,inf
1.5195436231407067,0.8310867802241795,exact,-inf,inf
1.5387376047719503,1.4908428174138233,exact,-inf,inf
1.5581740334940506,nan,interval,1.0238301908789544,1.2238301908789546
1.577855971756113,0.9970441569297321,exact,-inf,inf
1.597786520690298,1.2422034208129227,exact,-inf,inf
1.6179688206004457,1.707686035512728,exact,-inf,inf
1.6384060514568675,0.8395473783095974,exact,-inf,inf
1.6591014333973892,0.8696699320785004,exact,-inf,inf
1.680058227234726,1.7662284953355873,exact,-inf,inf
1.7012797349702606,1.0656231363467195,exact,-inf,inf
1.722769300314317,1.7111732906914203,exact,-inf,inf
1.7445303092130011,1.964602138385307,exact,-inf,inf
1.7665661903816992,1.5530599250850043,exact,-inf,inf
1.7888804158453158,1.6434695742545702,exact,-inf,inf
1.811476501485331,2.3305403974311294,exact,-inf,inf
1.8343580075937735,1.782724922772136,exact,-inf,inf
1.8575285394341874,1.4315283138541959,exact,-inf,inf
1.8809917478096858,1.4615718224682273,exact,-inf,inf
1.9047513296381813,2.2033174064579333,exact,-inf,inf
1.9288110285348785,2.35885034400294,exact,-inf,inf
1.9531746354021298,1.8386903563472021,exact,-inf,inf
1.9778459890267361,nan,interval,1.604366635271853,1.8043666352718533
2.0028289766847958,2.153767559098931,exact,-inf,inf
2.028127534754195,2.2073457717259215,exact,-inf,inf
2.0537456493348296,1.2535842664900643,exact,-inf,inf
2.0796873568766667,2.3974123639719522,exact,-inf,inf
2.105956744815735,1.68865171966107,exact,-inf,inf
2.132557952218152,1.6794807307141952,exact,-inf,inf
2.1594951704322867,nan,missing,-inf,inf
2.1867726437491535,1.688710859209543,exact,-inf,inf
2.214394670071159,2.265034506945167,exact,-inf,inf
2.2423656015892823,2.4230844774223947,exact,-inf,inf
2.270689845468822,1.0661825951099502,exact,-inf,inf
2.299371864543798,2.2235008312331495,exact,-inf,inf
2.3284161780201247,2.5560039754883537,exact,-inf,inf
2.357827362187669,1.7546073462683176,exact,-inf,inf
2.3876100511413005,2.1219818734833784,exact,-inf,inf
2.4177689375110503,1.8666681472741062,exact,-inf,inf
2.4483087732014943,2.2184608148999234,exact,-inf,inf
2.4792343701404707,2.093858770176544,exact,-inf,inf
2.5105506010372642,nan,interval,2.782809290500731,2.982809290500731
2.5422624001503555,2.382327947215459,exact,-inf,inf
2.574374764064878,2.771313204380918,exact,-inf,inf
2.606892752479893,2.4593713560555637,exact,-inf,inf
2.6398214890056013,2.4515210677335855,exact,-inf,inf
2.6731661619706393,1.8711315905717152,exact,-inf,inf
2.706932025239558,2.408534422461248,exact,-inf,inf
2.741124399040637,2.851642641532034,exact,-inf,inf
2.7757486708041514,2.7024400671204725,exact,-inf,inf
2.8108102960112293,2.5398916976380437,exact,-inf,inf
2.846314799053426,2.301963330970552,exact,-inf,inf
2.882267774103165,2.315640558950033,exact,-inf,inf
2.9186748859951677,1.6097370395743318,exact,-inf,inf
2.955541871119013,2.4503739064050882,exact,-inf,inf
2.9928745383229844,3.2438535966411064,exact,-inf,inf
3.0306787698293216,2.0250876554232287,exact,-inf,inf
3.0689605221610328,2.4404470624329493,exact,-inf,inf
3.1077258270804267,1.6074261809421266,exact,-inf,inf
3.146980792539486,2.215220408124113,exact,-inf,inf
3.1867316036422535,nan,interval,2.439119407052543,2.639119407052543
3.2269845236193646,1.3823043043147059,exact,-inf,inf
3.2677458948149063,2.9457713945325077,exact,-inf,inf
3.3090221396857276,3.0654725772093876,exact,-inf,inf
3.350819761813371,2.6663967589015516,exact,-inf,inf
3.3931453469288027,nan,right,3.7,inf
3.4360055639500695,nan,missing,-inf,inf
3.4794071660330657,2.287747491435463,exact,-inf,inf
3.523356991635586,2.923483481832089,exact,-inf,inf
3.5678619655947994,2.3159954828860276,exact,-inf,inf
3.612929100218351,3.2114667072793472,exact,-inf,inf
3.6585654963892256,2.822600772967205,exact,-inf,inf
3.704778344684594,nan,right,3.7,inf
3.7515749265087686,nan,right,3.7,inf
3.798962615240476,nan,right,3.7,inf
3.846948877394632,3.2653710329193992,exact,-inf,inf
3.8955412737987793,2.8673985877084847,exact,-inf,inf
3.944747460784384,1.598061282161877,exact,-inf,inf
3.9945751913931935,2.9351489311177748,exact,-inf,inf
4.04503231659882,nan,interval,2.2937580807093028,2.493758080709303
4.096126786543759,2.163319076344284,exact,-inf,inf
4.147866651792026,2.3651814157101496,exact,-inf,inf
4.200260064597637,2.7156296536395548,exact,-inf,inf
4.2533152801890814,3.470991237213439,exact,-inf,inf
4.30704065807004,nan,right,3.7,inf
4.361444663336535,2.9426598992486745,exact,-inf,inf
4.416535868010701,2.6951046357449804,exact,-inf,inf
4.472322952391414,3.434498228334846,exact,-inf,inf
4.528814706421986,3.586319832333463,exact,-inf,inf
4.586020031075123,3.151172279698032,exact,-inf,inf
4.643947939755388,3.4510287290402504,exact,-inf,inf
4.702607559719363,2.887221054309716,exact,-inf,inf
4.762008133513777,3.3735213129165174,exact,-inf,inf
4.822159020431773,3.4863370981941464,exact,-inf,inf
4.883069697987577,3.6604955141891153,exact,-inf,inf
4.944749763409809,nan,right,3.7,inf
5.007208935153638,3.2658617095252684,exact,-inf,inf
5.0704570544320395,3.3105534893673676,exact,-inf,inf
5.134504086766409,nan,interval,3.2649005519157184,3.4649005519157186
5.1993601235567475,nan,right,3.7,inf
5.265035383671692,nan,right,3.7,inf
5.331540215058611,2.2434276524838808,exact,-inf,inf
5.398885096374069,2.741609517458506,exact,-inf,inf
5.467080638634855,3.5091271388592973,exact,-inf,inf
5.5361375868898826,3.5225021590612036,exact,-inf,inf
5.606066821913207,3.3771531540727304,exact,-inf,inf
5.676879361918427,3.387404116718044,exact,-inf,inf
5.748586364294731,3.563851420339017,exact,-inf,inf
5.821199127364891,nan,missing,3.7,inf
5.894729092165451,nan,right,3.7,inf
5.9691878442494035,3.570450262426239,exact,-inf,inf
6.044587115511624,nan,right,3.7,inf
6.1209387860373985,2.9930494785664523,exact,-inf,inf
6.198254885974263,3.1843244038064986,exact,-inf,inf
6.276547597427495,2.884525389883094,exact,-inf,inf
6.355829256379574,nan,right,3.7,inf
6.436112354633857,nan,right,3.7,inf
6.517409541782805,nan,right,3.7,inf
6.599733627201106,nan,right,3.7,inf
6.683097582063932,nan,right,3.7,inf
6.767514541390718,3.2927186575121326,exact,-inf,inf
6.852997806114733,nan,right,3.7,inf
6.939560845178823,nan,right,3.7,inf
7.027217297657601,3.051141868790914,exact,-inf,inf
7.115980974906442,3.5231811875457,exact,-inf,inf
7.205865862737651,nan,right,3.7,inf
7.296886123624093,nan,right,3.7,inf
7.38905609893065,2.9186798388051054,exact,-inf,inf
