a,y,status_code,lower,upper
3.678794411714423340e-01,nan,1.000000000000000000e+00,-inf,0.000000000000000000e+00
3.725262779774581312e-01,4.699456720664876297e-01,0.000000000000000000e+00,-inf,inf
3.772318108938979564e-01,nan,1.000000000000000000e+00,-inf,0.000000000000000000e+00
3.819967813355183983e-01,nan,1.000000000000000000e+00,-inf,0.000000000000000000e+00
3.868219400821911180e-01,nan,1.000000000000000000e+00,-inf,0.000000000000000000e+00
3.917080473971977783e-01,nan,1.000000000000000000e+00,-inf,0.000000000000000000e+00
3.966558731470189447e-01,nan,1.000000000000000000e+00,-inf,0.000000000000000000e+00
4.016661969226357209e-01,nan,1.000000000000000000e+00,-inf,0.000000000000000000e+00
4.067398081623643247e-01,nan,1.000000000000000000e+00,-inf,0.000000000000000000e+00
4.118775062762414230e-01,nan,1.000000000000000000e+00,-inf,0.000000000000000000e+00
4.170801007719813769e-01,nan,1.000000000000000000e+00,-inf,0.000000000000000000e+00
4.223484113825240471e-01,nan,1.000000000000000000e+00,-inf,0.000000000000000000e+00
4.276832681951937554e-01,nan,1.000000000000000000e+00,-inf,0.000000000000000000e+00
4.330855117824900513e-01,nan,1.000000000000000000e+00,-inf,0.000000000000000000e+00
4.385559933345297701e-01,nan,1.000000000000000000e+00,-inf,0.000000000000000000e+00
4.440955747931630837e-01,nan,1.000000000000000000e+00,-inf,0.000000000000000000e+00
4.497051289877828095e-01,nan,1.000000000000000000e+00,-inf,0.000000000000000000e+00
4.553855397728492904e-01,nan,1.000000000000000000e+00,-inf,0.000000000000000000e+00
4.611377021671531073e-01,nan,1.000000000000000000e+00,-inf,0.000000000000000000e+00
4.669625224948354969e-01,nan,1.000000000000000000e+00,-inf,0.000000000000000000e+00
4.728609185281918426e-01,nan,1.000000000000000000e+00,-inf,0.000000000000000000e+00
4.788338196322773355e-01,nan,1.000000000000000000e+00,-inf,0.000000000000000000e+00
4.848821669113399513e-01,nan,1.000000000000000000e+00,-inf,0.000000000000000000e+00
4.910069133571036137e-01,nan,1.000000000000000000e+00,-inf,0.000000000000000000e+00
4.972090239989230831e-01,nan,1.000000000000000000e+00,-inf,0.000000000000000000e+00
5.034894760558366045e-01,nan,1.000000000000000000e+00,-inf,0.000000000000000000e+00
5.098492590905387978e-01,nan,1.000000000000000000e+00,-inf,0.000000000000000000e+00
5.162893751652983809e-01,nan,1.000000000000000000e+00,-inf,0.000000000000000000e+00
5.228108389998457062e-01,nan,1.000000000000000000e+00,-inf,0.000000000000000000e+00
5.294146781312536465e-01,2.947451061410556461e-01,0.000000000000000000e+00,-inf,inf
5.361019330758398649e-01,nan,4.000000000000000000e+00,-inf,inf
5.428736574931118941e-01,nan,1.000000000000000000e+00,-inf,0.000000000000000000e+00
5.497309183517847808e-01,nan,1.000000000000000000e+00,-inf,0.000000000000000000e+00
5.566747960978952747e-01,nan,1.000000000000000000e+00,-inf,0.000000000000000000e+00
5.637063848250389864e-01,nan,1.000000000000000000e+00,-inf,0.000000000000000000e+00
5.708267924467586019e-01,nan,1.000000000000000000e+00,-inf,0.000000000000000000e+00
5.780371408711093562e-01,nan,1.000000000000000000e+00,-inf,0.000000000000000000e+00
5.853385661774291870e-01,nan,1.000000000000000000e+00,-inf,0.000000000000000000e+00
5.927322187953427690e-01,nan,1.000000000000000000e+00,-inf,0.000000000000000000e+00
6.002192636860247399e-01,nan,3.000000000000000000e+00,3.353102603401822424e-02,2.335310260340182353e-01
6.078008805257548719e-01,nan,1.000000000000000000e+00,-inf,0.000000000000000000e+00
6.154782638917898341e-01,nan,1.000000000000000000e+00,-inf,0.000000000000000000e+00
6.232526234505841867e-01,nan,1.000000000000000000e+00,-inf,0.000000000000000000e+00
6.311251841483872527e-01,nan,1.000000000000000000e+00,-inf,0.000000000000000000e+00
6.390971864042498396e-01,nan,1.000000000000000000e+00,-inf,0.000000000000000000e+00
6.471698863054666795e-01,nan,1.000000000000000000e+00,-inf,0.000000000000000000e+00
6.553445558054885600e-01,5.285152564163153599e-02,0.000000000000000000e+00,-inf,inf
6.636224829243346779e-01,nan,1.000000000000000000e+00,-inf,0.000000000000000000e+00
6.720049719515355235e-01,1.002230478535731661e-03,0.000000000000000000e+00,-inf,inf
6.804933436516402701e-01,9.796320728819918333e-02,0.000000000000000000e+00,-inf,inf
6.890889354723191973e-01,nan,1.000000000000000000e+00,-inf,0.000000000000000000e+00
6.977931017550953463e-01,4.181819967556105189e-01,0.000000000000000000e+00,-inf,inf
7.066072139487376003e-01,nan,1.000000000000000000e+00,-inf,0.000000000000000000e+00
7.155326608253492759e-01,1.570968120052014527e-02,0.000000000000000000e+00,-inf,inf
7.245708486991861985e-01,1.047657259266462360e+00,0.000000000000000000e+00,-inf,inf
7.337232016482393426e-01,7.884001961309560214e-01,0.000000000000000000e+00,-inf,inf
7.429911617386154576e-01,nan,1.000000000000000000e+00,-inf,0.000000000000000000e+00
7.523761892517524252e-01,nan,1.000000000000000000e+00,-inf,0.000000000000000000e+00
7.618797629145046546e-01,nan,3.000000000000000000e+00,1.085622664316840402e-02,2.108562266431684151e-01
7.715033801321349305e-01,nan,1.000000000000000000e+00,-inf,0.000000000000000000e+00
7.812485572242489074e-01,nan,1.000000000000000000e+00,-inf,0.000000000000000000e+00
7.911168296637096642e-01,nan,4.000000000000000000e+00,-inf,0.000000000000000000e+00
8.011097523185710667e-01,2.451653445667440478e-01,0.000000000000000000e+00,-inf,inf
8.112288996970659083e-01,7.418431839385037918e-01,0.000000000000000000e+00,-inf,inf
8.214758661956891306e-01,2.041148260069149123e-01,0.000000000000000000e+00,-inf,inf
8.318522663504149817e-01,nan,1.000000000000000000e+00,-inf,0.000000000000000000e+00
8.423597350910868586e-01,4.940902724198628082e-01,0.000000000000000000e+00,-inf,inf
8.529999279990205796e-01,1.541648348567908333e-01,0.000000000000000000e+00,-inf,inf
8.637745215678616084e-01,9.093210736296724050e-01,0.000000000000000000e+00,-inf,inf
8.746852134677377544e-01,4.555582085624437783e-01,0.000000000000000000e+00,-inf,inf
8.857337228127475370e-01,nan,1.000000000000000000e+00,-inf,0.000000000000000000e+00
8.969217904318280699e-01,1.252325198913141424e+00,0.000000000000000000e+00,-inf,inf
9.082511791430442072e-01,5.495483026803599236e-02,0.000000000000000000e+00,-inf,inf
9.197236740313418091e-01,9.069710351578642582e-01,0.000000000000000000e+00,-inf,inf
9.313410827298104211e-01,1.451901413866469204e+00,0.000000000000000000e+00,-inf,inf
9.431052357044982237e-01,3.217470766618650280e-01,0.000000000000000000e+00,-inf,inf
9.550179865428237713e-01,8.034688312732887194e-01,0.000000000000000000e+00,-inf,inf
9.670812122456327042e-01,nan,3.000000000000000000e+00,5.501046285709856321e-01,7.501046285709855876e-01
9.792968135229410676e-01,3.714986397851360311e-01,0.000000000000000000e+00,-inf,inf
9.916667150934168617e-01,nan,1.000000000000000000e+00,-inf,0.000000000000000000e+00
1.004192865987642458e+00,2.417181633326724866e-01,0.000000000000000000e+00,-inf,inf
1.016877239855208614e+00,4.704303101760160533e-01,0.000000000000000000e+00,-inf,inf
1.029721835275687170e+00,1.846350031039819539e-01,0.000000000000000000e+00,-inf,inf
1.042728676073532368e+00,4.855281953997452327e-01,0.000000000000000000e+00,-inf,inf
1.055899811636958896e+00,4.724424300811502775e-01,0.000000000000000000e+00,-inf,inf
1.069237317240848029e+00,7.136744818507962940e-01,0.000000000000000000e+00,-inf,inf
1.082743294373734066e+00,1.745205414920252274e+00,0.000000000000000000e+00,-inf,inf
1.096419871068917917e+00,9.151418927218509802e-01,0.000000000000000000e+00,-inf,inf
1.110269202239766884e+00,1.017069796445614571e+00,0.000000000000000000e+00,-inf,inf
1.124293470019246399e+00,4.202677689021501739e-01,0.000000000000000000e+00,-inf,inf
1.138494884103742333e+00,1.276021143763706789e+00,0.000000000000000000e+00,-inf,inf
1.152875682101226706e+00,4.119482625384618402e-02,0.000000000000000000e+00,-inf,inf
1.167438129883819453e+00,5.377114123365259735e-01,0.000000000000000000e+00,-inf,inf
1.182184521944805056e+00,9.891232206392258641e-01,0.000000000000000000e+00,-inf,inf
1.197117181760158244e+00,9.570472008256111218e-01,0.000000000000000000e+00,-inf,inf
1.212238462154635377e+00,6.084070942222367107e-01,0.000000000000000000e+00,-inf,inf
1.227550745672493004e+00,nan,3.000000000000000000e+00,1.213248778256335703e+00,1.413248778256335880e+00
1.243056444952884920e+00,1.515267091936204347e+00,0.000000000000000000e+00,-inf,inf
1.258758003110005186e+00,nan,4.000000000000000000e+00,-inf,inf
1.274657894118028656e+00,1.159357761914506124e+00,0.000000000000000000e+00,-inf,inf
1.290758623200918276e+00,1.553694063426174221e+00,0.000000000000000000e+00,-inf,inf
1.307062727227153109e+00,1.700605696322828209e+00,0.000000000000000000e+00,-inf,inf
1.323572775109442601e+00,1.146586684608662532e+00,0.000000000000000000e+00,-inf,inf
1.340291368209492573e+00,3.522000377921734593e-01,0.000000000000000000e+00,-inf,inf
1.357221140747878696e+00,1.284486361075641625e+00,0.000000000000000000e+00,-inf,inf
1.374364760219103143e+00,4.563904540907662843e-01,0.000000000000000000e+00,-inf,inf
1.391724927811890833e+00,6.927523467525158463e-01,0.000000000000000000e+00,-inf,inf
1.409304378834792759e+00,4.404984235043991614e-01,0.000000000000000000e+00,-inf,inf
1.427105883147171017e+00,8.637035317992203254e-01,0.000000000000000000e+00,-inf,inf
1.445132245595621923e+00,1.528775564914985452e+00,0.000000000000000000e+00,-inf,inf
1.463386306455914498e+00,nan,1.000000000000000000e+00,-inf,0.000000000000000000e+00
1.481870941880512271e+00,6.428790218127068412e-01,0.000000000000000000e+00,-inf,inf
1.500589064351744772e+00,9.193191288236161052e-01,0.000000000000000000e+00,-inf,inf
1.519543623140706678e+00,8.310867802241794777e-01,0.000000000000000000e+00,-inf,inf
1.538737604771950318e+00,1.490842817413823296e+00,0.000000000000000000e+00,-inf,inf
1.558174033494050592e+00,nan,3.000000000000000000e+00,1.023830190878954438e+00,1.223830190878954616e+00
1.577855971756112918e+00,9.970441569297321394e-01,0.000000000000000000e+00,-inf,inf
1.597786520690297918e+00,1.242203420812922676e+00,0.000000000000000000e+00,-inf,inf
1.617968820600445667e+00,1.707686035512727907e+00,0.000000000000000000e+00,-inf,inf
1.638406051456867463e+00,8.395473783095973586e-01,0.000000000000000000e+00,-inf,inf
1.659101433397389247e+00,8.696699320785004073e-01,0.000000000000000000e+00,-inf,inf
1.680058227234725976e+00,1.766228495335587345e+00,0.000000000000000000e+00,-inf,inf
1.701279734970260638e+00,1.065623136346719457e+00,0.000000000000000000e+00,-inf,inf
1.722769300314316965e+00,1.711173290691420323e+00,0.000000000000000000e+00,-inf,inf
1.744530309213001118e+00,1.964602138385306951e+00,0.000000000000000000e+00,-inf,inf
1.766566190381699153e+00,1.553059925085004345e+00,0.000000000000000000e+00,-inf,inf
1.788880415845315763e+00,1.643469574254570187e+00,0.000000000000000000e+00,-inf,inf
1.811476501485330903e+00,2.330540397431129396e+00,0.000000000000000000e+00,-inf,inf
1.834358007593773543e+00,1.782724922772136011e+00,0.000000000000000000e+00,-inf,inf
1.857528539434187387e+00,1.431528313854195877e+00,0.000000000000000000e+00,-inf,inf
1.880991747809685810e+00,1.461571822468227255e+00,0.000000000000000000e+00,-inf,inf
1.904751329638181279e+00,2.203317406457933281e+00,0.000000000000000000e+00,-inf,inf
1.928811028534878513e+00,2.358850344002939803e+00,0.000000000000000000e+00,-inf,inf
1.953174635402129766e+00,1.838690356347202126e+00,0.000000000000000000e+00,-inf,inf
1.977845989026736140e+00,nan,3.000000000000000000e+00,1.604366635271853081e+00,1.804366635271853259e+00
2.002828976684795759e+00,2.153767559098930917e+00,0.000000000000000000e+00,-inf,inf
2.028127534754195160e+00,2.207345771725921502e+00,0.000000000000000000e+00,-inf,inf
2.053745649334829615e+00,1.253584266490064270e+00,0.000000000000000000e+00,-inf,inf
2.079687356876666726e+00,2.397412363971952232e+00,0.000000000000000000e+00,-inf,inf
2.105956744815734805e+00,1.688651719661069972e+00,0.000000000000000000e+00,-inf,inf
2.132557952218152142e+00,1.679480730714195236e+00,0.000000000000000000e+00,-inf,inf
2.159495170432286670e+00,nan,4.000000000000000000e+00,-inf,inf
2.186772643749153477e+00,1.688710859209543003e+00,0.000000000000000000e+00,-inf,inf
2.214394670071158977e+00,2.265034506945167170e+00,0.000000000000000000e+00,-inf,inf
2.242365601589282331e+00,2.423084477422394745e+00,0.000000000000000000e+00,-inf,inf
2.270689845468822021e+00,1.066182595109950171e+00,0.000000000000000000e+00,-inf,inf
2.299371864543798161e+00,2.223500831233149455e+00,0.000000000000000000e+00,-inf,inf
2.328416178020124683e+00,2.556003975488353674e+00,0.000000000000000000e+00,-inf,inf
2.357827362187669085e+00,1.754607346268317603e+00,0.000000000000000000e+00,-inf,inf
2.387610051141300538e+00,2.121981873483378411e+00,0.000000000000000000e+00,-inf,inf
2.417768937511050265e+00,1.866668147274106238e+00,0.000000000000000000e+00,-inf,inf
2.448308773201494315e+00,2.218460814899923417e+00,0.000000000000000000e+00,-inf,inf
2.479234370140470656e+00,2.093858770176543871e+00,0.000000000000000000e+00,-inf,inf
2.510550601037264240e+00,nan,3.000000000000000000e+00,2.782809290500730892e+00,2.982809290500731070e+00
2.542262400150355539e+00,2.382327947215459041e+00,0.000000000000000000e+00,-inf,inf
2.574374764064878196e+00,2.771313204380918105e+00,0.000000000000000000e+00,-inf,inf
2.606892752479892827e+00,2.459371356055563673e+00,0.000000000000000000e+00,-inf,inf
2.639821489005601318e+00,2.451521067733585468e+00,0.000000000000000000e+00,-inf,inf
2.673166161970639276e+00,1.871131590571715186e+00,0.000000000000000000e+00,-inf,inf
2.706932025239558115e+00,2.408534422461248159e+00,0.000000000000000000e+00,-inf,inf
2.741124399040637094e+00,2.851642641532034173e+00,0.000000000000000000e+00,-inf,inf
2.775748670804151441e+00,2.702440067120472467e+00,0.000000000000000000e+00,-inf,inf
2.810810296011229337e+00,2.539891697638043677e+00,0.000000000000000000e+00,-inf,inf
2.846314799053426103e+00,2.301963330970552057e+00,0.000000000000000000e+00,-inf,inf
2.882267774103164815e+00,2.315640558950033068e+00,0.000000000000000000e+00,-inf,inf
2.918674885995167667e+00,1.609737039574331785e+00,0.000000000000000000e+00,-inf,inf
2.955541871119013120e+00,2.450373906405088231e+00,0.000000000000000000e+00,-inf,inf
2.992874538322984446e+00,3.243853596641106396e+00,0.000000000000000000e+00,-inf,inf
3.030678769829321606e+00,2.025087655423228661e+00,0.000000000000000000e+00,-inf,inf
3.068960522161032767e+00,2.440447062432949288e+00,0.000000000000000000e+00,-inf,inf
3.107725827080426662e+00,1.607426180942126637e+00,0.000000000000000000e+00,-inf,inf
3.146980792539486149e+00,2.215220408124113138e+00,0.000000000000000000e+00,-inf,inf
3.186731603642253496e+00,nan,3.000000000000000000e+00,2.439119407052543043e+00,2.639119407052543220e+00
3.226984523619364609e+00,1.382304304314705856e+00,0.000000000000000000e+00,-inf,inf
3.267745894814906293e+00,2.945771394532507692e+00,0.000000000000000000e+00,-inf,inf
3.309022139685727559e+00,3.065472577209387595e+00,0.000000000000000000e+00,-inf,inf
3.350819761813371045e+00,2.666396758901551589e+00,0.000000000000000000e+00,-inf,inf
3.393145346928802653e+00,nan,2.000000000000000000e+00,3.700000000000000178e+00,inf
3.436005563950069508e+00,nan,4.000000000000000000e+00,-inf,inf
3.479407166033065657e+00,2.287747491435462965e+00,0.000000000000000000e+00,-inf,inf
3.523356991635585800e+00,2.923483481832088948e+00,0.000000000000000000e+00,-inf,inf
3.567861965594799400e+00,2.315995482886027634e+00,0.000000000000000000e+00,-inf,inf
3.612929100218350786e+00,3.211466707279347244e+00,0.000000000000000000e+00,-inf,inf
3.658565496389225569e+00,2.822600772967204907e+00,0.000000000000000000e+00,-inf,inf
3.704778344684593883e+00,nan,2.000000000000000000e+00,3.700000000000000178e+00,inf
3.751574926508768559e+00,nan,2.000000000000000000e+00,3.700000000000000178e+00,inf
3.798962615240475849e+00,nan,2.000000000000000000e+00,3.700000000000000178e+00,inf
3.846948877394631872e+00,3.265371032919399230e+00,0.000000000000000000e+00,-inf,inf
3.895541273798779347e+00,2.867398587708484659e+00,0.000000000000000000e+00,-inf,inf
3.944747460784383986e+00,1.598061282161876928e+00,0.000000000000000000e+00,-inf,inf
3.994575191393193503e+00,2.935148931117774751e+00,0.000000000000000000e+00,-inf,inf
4.045032316598820010e+00,nan,3.000000000000000000e+00,2.293758080709302760e+00,2.493758080709302938e+00
4.096126786543758946e+00,2.163319076344284220e+00,0.000000000000000000e+00,-inf,inf
4.147866651792026182e+00,2.365181415710149615e+00,0.000000000000000000e+00,-inf,inf
4.200260064597636678e+00,2.715629653639554775e+00,0.000000000000000000e+00,-inf,inf
4.253315280189081449e+00,3.470991237213438829e+00,0.000000000000000000e+00,-inf,inf
4.307040658070039996e+00,nan,2.000000000000000000e+00,3.700000000000000178e+00,inf
4.361444663336534688e+00,2.942659899248674549e+00,0.000000000000000000e+00,-inf,inf
4.416535868010701193e+00,2.695104635744980381e+00,0.000000000000000000e+00,-inf,inf
4.472322952391413864e+00,3.434498228334846193e+00,0.000000000000000000e+00,-inf,inf
4.528814706421986358e+00,3.586319832333463076e+00,0.000000000000000000e+00,-inf,inf
4.586020031075123349e+00,3.151172279698032153e+00,0.000000000000000000e+00,-inf,inf
4.643947939755387999e+00,3.451028729040250376e+00,0.000000000000000000e+00,-inf,inf
4.702607559719362840e+00,2.887221054309716095e+00,0.000000000000000000e+00,-inf,inf
4.762008133513776720e+00,3.373521312916517356e+00,0.000000000000000000e+00,-inf,inf
4.822159020431772802e+00,3.486337098194146389e+00,0.000000000000000000e+00,-inf,inf
4.883069697987576951e+00,3.660495514189115340e+00,0.000000000000000000e+00,-inf,inf
4.944749763409808985e+00,nan,2.000000000000000000e+00,3.700000000000000178e+00,inf
5.007208935153638407e+00,3.265861709525268441e+00,0.000000000000000000e+00,-inf,inf
5.070457054432039534e+00,3.310553489367367597e+00,0.000000000000000000e+00,-inf,inf
5.134504086766408903e+00,nan,3.000000000000000000e+00,3.264900551915718374e+00,3.464900551915718552e+00
5.199360123556747482e+00,nan,2.000000000000000000e+00,3.700000000000000178e+00,inf
5.265035383671691882e+00,nan,2.000000000000000000e+00,3.700000000000000178e+00,inf
5.331540215058611309e+00,2.243427652483880763e+00,0.000000000000000000e+00,-inf,inf
5.398885096374068659e+00,2.741609517458505785e+00,0.000000000000000000e+00,-inf,inf
5.467080638634855383e+00,3.509127138859297279e+00,0.000000000000000000e+00,-inf,inf
5.536137586889882556e+00,3.522502159061203564e+00,0.000000000000000000e+00,-inf,inf
5.606066821913207043e+00,3.377153154072730423e+00,0.000000000000000000e+00,-inf,inf
5.676879361918427236e+00,3.387404116718044200e+00,0.000000000000000000e+00,-inf,inf
5.748586364294730799e+00,3.563851420339017029e+00,0.000000000000000000e+00,-inf,inf
5.821199127364891091e+00,nan,4.000000000000000000e+00,3.700000000000000178e+00,inf
5.894729092165451156e+00,nan,2.000000000000000000e+00,3.700000000000000178e+00,inf
5.969187844249403518e+00,3.570450262426239085e+00,0.000000000000000000e+00,-inf,inf
6.044587115511624198e+00,nan,2.000000000000000000e+00,3.700000000000000178e+00,inf
6.120938786037398494e+00,2.993049478566452315e+00,0.000000000000000000e+00,-inf,inf
6.198254885974263217e+00,3.184324403806498616e+00,0.000000000000000000e+00,-inf,inf
6.276547597427494907e+00,2.884525389883093816e+00,0.000000000000000000e+00,-inf,inf
6.355829256379574410e+00,nan,2.000000000000000000e+00,3.700000000000000178e+00,inf
6.436112354633857002e+00,nan,2.000000000000000000e+00,3.700000000000000178e+00,inf
6.517409541782805071e+00,nan,2.000000000000000000e+00,3.700000000000000178e+00,inf
6.599733627201105790e+00,nan,2.000000000000000000e+00,3.700000000000000178e+00,inf
6.683097582063932229e+00,nan,2.000000000000000000e+00,3.700000000000000178e+00,inf
6.767514541390718286e+00,3.292718657512132552e+00,0.000000000000000000e+00,-inf,inf
6.852997806114733415e+00,nan,2.000000000000000000e+00,3.700000000000000178e+00,inf
6.939560845178823101e+00,nan,2.000000000000000000e+00,3.700000000000000178e+00,inf
7.027217297657601058e+00,3.051141868790914202e+00,0.000000000000000000e+00,-inf,inf
7.115980974906442214e+00,3.523181187545699977e+00,0.000000000000000000e+00,-inf,inf
7.205865862737651284e+00,nan,2.000000000000000000e+00,3.700000000000000178e+00,inf
7.296886123624092946e+00,nan,2.000000000000000000e+00,3.700000000000000178e+00,inf
7.389056098930650407e+00,2.918679838805105398e+00,0.000000000000000000e+00,-inf,inf
