a,peak,energy,tof_seconds
0.3,0.3268666727569685,4.011333206973752e-08,2.39e-06
0.33617021276595743,0.40149593966245667,3.9953614196205366e-08,2.55e-06
0.3723404255319149,0.4577916514358606,6.328875868975996e-08,2.48e-06
0.4085106382978723,0.39821282390871504,4.767776655497283e-08,2.5e-06
0.44468085106382976,0.5852036373479674,8.354517303734536e-08,2.47e-06
0.4808510638297872,0.5015047295908919,7.117447383171988e-08,2.5e-06
0.5170212765957447,0.5633007192387787,7.741139502319014e-08,2.51e-06
0.553191489361702,0.5426175565358736,9.177672882175171e-08,2.54e-06
0.5893617021276596,0.5702597802330837,1.062344726212679e-07,2.58e-06
0.6255319148936169,0.693886103037266,1.5235885235497998e-07,2.46e-06
0.6617021276595745,0.6905731784158339,1.299317734629173e-07,2.48e-06
0.6978723404255318,0.7429294365137087,1.3791642555053971e-07,2.53e-06
0.7340425531914894,0.7563218952373604,1.5118971462393213e-07,2.59e-06
0.7702127659574467,0.8109540175612018,1.808355841341031e-07,2.51e-06
0.8063829787234043,0.8219955795723063,1.8858251972827275e-07,2.46e-06
0.8425531914893616,0.8154872596186298,1.85154674227892e-07,2.47e-06
0.8787234042553191,0.878362867448688,2.306647794543591e-07,2.45e-06
0.9148936170212765,0.9613830438445128,2.6167119971237694e-07,2.52e-06
0.951063829787234,0.9356946010543169,2.6065953227224984e-07,2.5e-06
0.9872340425531914,0.9629384049244277,2.5776746966485897e-07,2.48e-06
1.023404255319149,1.0656384445033225,3.142181539968603e-07,2.47e-06
1.0595744680851062,1.0593951716418182,3.134016994170637e-07,2.46e-06
1.0957446808510638,1.0814969668297065,3.387246199029746e-07,2.49e-06
1.1319148936170211,1.1444003727139918,3.9684640651637595e-07,2.51e-06
1.1680851063829787,1.1955351097578855,3.8473530588958455e-07,2.5e-06
1.204255319148936,1.2519651822362379,4.088215007934777e-07,2.52e-06
1.2404255319148936,1.2417114309043935,4.5794322240884583e-07,2.5e-06
1.276595744680851,1.2839967543425665,4.719808568357365e-07,2.49e-06
1.3127659574468085,1.2936126613407448,4.5669223392264043e-07,2.49e-06
1.348936170212766,1.3712927520262108,5.013810164803067e-07,2.47e-06
1.3851063829787233,1.3445753842833974,4.989618580240696e-07,2.51e-06
1.4212765957446807,1.395242503412692,5.600202573090246e-07,2.53e-06
1.4574468085106382,1.5115303092079335,5.895117486749434e-07,2.51e-06
1.4936170212765958,1.4730043417131335,6.181686726637196e-07,2.51e-06
1.5297872340425531,1.5350825018921008,6.67040247580899e-07,2.49e-06
1.5659574468085105,1.6103348061090974,6.973873158017215e-07,2.52e-06
1.602127659574468,1.6316180236970612,7.711698294133505e-07,2.48e-06
1.6382978723404256,1.667077168173079,7.575222999660458e-07,2.51e-06
1.674468085106383,1.6594282210287001,7.905806317085646e-07,2.54e-06
1.7106382978723402,1.7331855241095846,8.509063266593667e-07,2.48e-06
1.7468085106382978,1.7608108855157014,7.983286870611593e-07,2.54e-06
1.7829787234042553,1.8607254619679858,9.015590016069432e-07,2.49e-06
1.8191489361702127,1.7769551421766494,8.869305005408438e-07,2.51e-06
1.85531914893617,1.8565457733186919,9.991629074046686e-07,2.45e-06
1.8914893617021276,1.8840586955653742,1.006391642060379e-06,2.51e-06
1.9276595744680851,1.9284366658087828,1.0136712901043337e-06,2.49e-06
1.9638297872340424,2.026015292803679,1.1242186489595823e-06,2.5e-06
2.0,1.9435800935844743,1.0838732349650045e-06,2.48e-06
