a,y,group
0.36787944117144233,-1.5193624735373852,0
0.45579401832801714,-1.8189144177420216,0
0.5647181220077592,-1.0467853974696506,0
0.6996725373751302,-0.6888502632408867,0
0.8668778997501816,-0.4772550980546998,0
1.0740414307162958,0.1800916898310262,0
1.3307121974473497,0.4956578446903061,0
1.6487212707001282,1.036253928752789,0
2.042727070266142,1.7860580442783482,0
2.5308910352240117,1.9133607846696183,0
3.1357147635698226,1.9845088678662828,0
3.885077208628006,3.0813679366546243,0
4.81351974113148,2.526480499645319,0
5.963838311065336,3.3813497871884572,0
7.38905609893065,3.926965195626654,0
0.36787944117144233,-0.7503364945101199,1
0.45579401832801714,-1.1537067033673485,1
0.5647181220077592,-0.14257672870269,1
0.6996725373751302,-0.19137335969266842,1
0.8668778997501816,0.38651670111561326,1
1.0740414307162958,0.9083370766549448,1
1.3307121974473497,0.7618265673183333,1
1.6487212707001282,1.9257212749611052,1
2.042727070266142,1.6806824217109648,1
2.5308910352240117,2.2335129454682057,1
3.1357147635698226,2.4013456773324764,1
3.885077208628006,2.6996769332281496,1
4.81351974113148,3.4762373614627755,1
5.963838311065336,3.7023444672978654,1
7.38905609893065,4.220590916895864,1
0.36787944117144233,-0.8955231416087897,2
0.45579401832801714,-0.7107627650940221,2
0.5647181220077592,-0.19458884718703046,2
0.6996725373751302,0.18557135378331283,2
0.8668778997501816,0.5362850024807078,2
1.0740414307162958,0.5539615763279999,2
1.3307121974473497,1.920362936574149,2
1.6487212707001282,1.9967167544453106,2
2.042727070266142,2.318252656878568,2
2.5308910352240117,2.6470313977500126,2
3.1357147635698226,3.25967364636314,2
3.885077208628006,3.47430410889141,2
4.81351974113148,3.4970615135865843,2
5.963838311065336,4.150900111125463,2
7.38905609893065,4.37489033795968,2
0.36787944117144233,-0.519304675128041,3
0.45579401832801714,-0.43834871767106387,3
0.5647181220077592,0.34352606230058547,3
0.6996725373751302,0.05845486545068357,3
0.8668778997501816,0.8674185001838335,3
1.0740414307162958,1.1965306145893995,3
1.3307121974473497,1.8702597920208823,3
1.6487212707001282,2.595541708031807,3
2.042727070266142,2.6046427013061346,3
2.5308910352240117,2.809116391985196,3
3.1357147635698226,3.1775390958645633,3
3.885077208628006,3.6811548217740384,3
4.81351974113148,4.046996769505625,3
5.963838311065336,4.973902112639811,3
7.38905609893065,4.651954493005603,3
0.36787944117144233,-1.4264146816086196,4
0.45579401832801714,-1.063188659062008,4
0.5647181220077592,-0.1705242014281694,4
0.6996725373751302,0.5162377202840307,4
0.8668778997501816,0.8762870170095383,4
1.0740414307162958,0.31269506866415175,4
1.3307121974473497,0.9682613896748999,4
1.6487212707001282,1.5928513316213995,4
2.042727070266142,2.194084977245874,4
2.5308910352240117,2.600469968395388,4
3.1357147635698226,2.720899090232452,4
3.885077208628006,2.8195017477524984,4
4.81351974113148,3.709050930377215,4
5.963838311065336,3.896870429938723,4
7.38905609893065,4.416542155905996,4
0.36787944117144233,-1.381771483126398,5
0.45579401832801714,-0.6502083096734641,5
0.5647181220077592,-0.3525982553657655,5
0.6996725373751302,0.08292342718569577,5
0.8668778997501816,0.7762565791626077,5
1.0740414307162958,0.8200024091615321,5
1.3307121974473497,1.6103496804609245,5
1.6487212707001282,1.9021913462961597,5
2.042727070266142,1.534714076281253,5
2.5308910352240117,2.4543772057348465,5
3.1357147635698226,2.86595785040007,5
3.885077208628006,3.3389575409502004,5
4.81351974113148,3.8835121931139094,5
5.963838311065336,4.018418642598475,5
7.38905609893065,4.244876134922414,5
0.36787944117144233,-0.46440399163566376,6
0.45579401832801714,-0.22752078744747808,6
0.5647181220077592,-0.3440090302712637,6
0.6996725373751302,0.3432963156862506,6
0.8668778997501816,1.2550241790545342,6
1.0740414307162958,0.7826735774610326,6
1.3307121974473497,1.6173151633019798,6
1.6487212707001282,1.858137340452393,6
2.042727070266142,2.4137416410955512,6
2.5308910352240117,2.2627022239326227,6
3.1357147635698226,3.2698067860015994,6
3.885077208628006,3.460274008704395,6
4.81351974113148,3.276344901145337,6
5.963838311065336,4.634051806193818,6
7.38905609893065,4.782801728492224,6
0.36787944117144233,-1.3070831884886909,7
0.45579401832801714,-0.8140569109987478,7
0.5647181220077592,-0.8434897408156716,7
0.6996725373751302,-0.5819894395050126,7
0.8668778997501816,0.011087324101999807,7
1.0740414307162958,0.8356245178703895,7
1.3307121974473497,1.4569717829929911,7
1.6487212707001282,1.5860299553953812,7
2.042727070266142,1.2059345801123076,7
2.5308910352240117,2.3298190322390426,7
3.1357147635698226,1.973751530672161,7
3.885077208628006,3.2534682820485132,7
4.81351974113148,3.4911525698678747,7
5.963838311065336,3.4546774034957135,7
7.38905609893065,4.417029847456949,7
0.36787944117144233,-1.383494957084724,8
0.45579401832801714,-0.8952566776539762,8
0.5647181220077592,-0.5302876843818989,8
0.6996725373751302,0.014406199340554926,8
0.8668778997501816,0.36501656721400966,8
1.0740414307162958,-0.00038779374221520335,8
1.3307121974473497,0.699816598632303,8
1.6487212707001282,1.4897102339185482,8
2.042727070266142,1.988811614017586,8
2.5308910352240117,2.182538683955741,8
3.1357147635698226,2.9920960379787918,8
3.885077208628006,3.1630741947824546,8
4.81351974113148,2.980438306499889,8
5.963838311065336,3.5317005577820213,8
7.38905609893065,3.529429878232133,8
0.36787944117144233,-1.672102056284985,9
0.45579401832801714,-1.032774615075802,9
0.5647181220077592,-0.13116506862228744,9
0.6996725373751302,-0.09309475343544604,9
0.8668778997501816,0.7723507190504686,9
1.0740414307162958,0.8874247567656195,9
1.3307121974473497,0.3595713769764123,9
1.6487212707001282,0.6589518543636246,9
2.042727070266142,1.8841275295158475,9
2.5308910352240117,2.422881685437446,9
3.1357147635698226,2.148171076660477,9
3.885077208628006,2.208576854664344,9
4.81351974113148,3.262916959162522,9
5.963838311065336,3.8064997113252113,9
7.38905609893065,4.650728736986567,9
0.36787944117144233,-1.615467141650699,10
0.45579401832801714,-1.3109466031147,10
0.5647181220077592,-0.96122116119268,10
0.6996725373751302,-0.6556263172473761,10
0.8668778997501816,-0.2764823311416274,10
1.0740414307162958,0.25975645051460533,10
1.3307121974473497,0.34492545484558557,10
1.6487212707001282,0.7637325267905347,10
2.042727070266142,1.224176736034515,10
2.5308910352240117,1.5306097707980668,10
3.1357147635698226,2.2152126236776826,10
3.885077208628006,2.2321965282655425,10
4.81351974113148,2.7804738791818684,10
5.963838311065336,3.2850123417163353,10
7.38905609893065,3.562406902119184,10
0.36787944117144233,-0.8726012321426144,11
0.45579401832801714,-0.8009453811103282,11
0.5647181220077592,-0.7483191900697703,11
0.6996725373751302,-0.1815070103471212,11
0.8668778997501816,0.17137447831557537,11
1.0740414307162958,0.9721464648769386,11
1.3307121974473497,1.2726919447710967,11
1.6487212707001282,1.4174162434629411,11
2.042727070266142,1.8105214707715507,11
2.5308910352240117,2.5527078428652255,11
3.1357147635698226,2.7833619752338588,11
3.885077208628006,3.174585746366658,11
4.81351974113148,3.4757923014066052,11
5.963838311065336,3.4662642332955977,11
7.38905609893065,3.885580457623987,11
0.36787944117144233,-1.1958354698410532,12
0.45579401832801714,-1.3223201667114108,12
0.5647181220077592,0.1031871924958665,12
0.6996725373751302,-0.600128521702235,12
0.8668778997501816,-0.012852004780236431,12
1.0740414307162958,0.9295626581850909,12
1.3307121974473497,0.7147328214571337,12
1.6487212707001282,1.7454723165415003,12
2.042727070266142,1.6931966682952933,12
2.5308910352240117,2.290248174334159,12
3.1357147635698226,2.747660987794636,12
3.885077208628006,2.8373720737898975,12
4.81351974113148,2.7794179448322023,12
5.963838311065336,3.793602366876803,12
7.38905609893065,4.301951996259859,12
0.36787944117144233,-1.2619043180197782,13
0.45579401832801714,-1.0148242909668161,13
0.5647181220077592,-0.21227124133317288,13
0.6996725373751302,0.3842113886768569,13
0.8668778997501816,1.1444120883004358,13
1.0740414307162958,1.1349306841006055,13
1.3307121974473497,1.2723766842830089,13
1.6487212707001282,1.5704155005190126,13
2.042727070266142,1.832146493820658,13
2.5308910352240117,2.9149659798043004,13
3.1357147635698226,3.17328294322055,13
3.885077208628006,3.1596659444075774,13
4.81351974113148,3.6479337289243623,13
5.963838311065336,4.047886963666362,13
7.38905609893065,4.456325066946231,13
0.36787944117144233,-1.6827956796471348,14
0.45579401832801714,-1.053504403167581,14
0.5647181220077592,0.1855041724599914,14
0.6996725373751302,-0.12171562476682371,14
0.8668778997501816,0.3985807153139331,14
1.0740414307162958,1.1782400293191369,14
1.3307121974473497,0.8573585712203364,14
1.6487212707001282,1.0513630412140962,14
2.042727070266142,1.9034954017681551,14
2.5308910352240117,1.5811461654312482,14
3.1357147635698226,2.9691040886901265,14
3.885077208628006,3.150610230499366,14
4.81351974113148,2.7546253643515617,14
5.963838311065336,3.2451334203271536,14
7.38905609893065,4.164124080900195,14
0.36787944117144233,-2.146103795983838,15
0.45579401832801714,-1.5317548863589727,15
0.5647181220077592,-2.1247735352768826,15
0.6996725373751302,-1.0193535741682274,15
0.8668778997501816,-1.1051102724965984,15
1.0740414307162958,-0.0702693467606603,15
1.3307121974473497,0.09437430091204703,15
1.6487212707001282,0.4005649309893393,15
2.042727070266142,0.34002502570873006,15
2.5308910352240117,0.9972638768711062,15
3.1357147635698226,1.3433792452473874,15
3.885077208628006,2.2277037810202707,15
4.81351974113148,2.0145304801260697,15
5.963838311065336,2.962753902349704,15
7.38905609893065,3.0754490734928033,15
