a,y
0.36787944117144233,0
0.37252627797745813,0
0.37723181089389796,0
0.3819967813355184,0
0.3868219400821911,0
0.3917080473971978,0
0.39665587314701894,0
0.4016661969226357,0
0.4067398081623643,0
0.4118775062762414,0
0.4170801007719814,0
0.42234841138252405,0
0.42768326819519376,0
0.43308551178249005,0
0.43855599333452977,0
0.4440955747931631,0
0.4497051289877828,0
0.4553855397728493,0
0.4611377021671531,0
0.4669625224948355,0
0.47286091852819184,0
0.47883381963227734,0
0.48488216691133995,0
0.4910069133571036,0
0.4972090239989231,0
0.5034894760558366,0
0.5098492590905388,0
0.5162893751652984,0
0.5228108389998457,0
0.5294146781312536,0
0.5361019330758399,0
0.5428736574931119,0
0.5497309183517848,0
0.5566747960978953,0
0.563706384825039,0
0.5708267924467586,0
0.5780371408711094,0
0.5853385661774292,0
0.5927322187953428,0
0.6002192636860247,0
0.6078008805257549,0
0.6154782638917898,0
0.6232526234505842,0
0.6311251841483873,0
0.6390971864042498,0
0.6471698863054667,0
0.6553445558054886,0
0.6636224829243347,0
0.6720049719515355,0
0.6804933436516403,0
0.6890889354723192,0
0.6977931017550953,0
0.7066072139487376,0
0.7155326608253493,0
0.7245708486991862,0
0.7337232016482393,0
0.7429911617386155,0
0.7523761892517524,0
0.7618797629145047,0
0.7715033801321349,0
0.7812485572242489,0
0.7911168296637097,0
0.8011097523185711,0
0.8112288996970659,0
0.8214758661956891,0
0.831852266350415,0
0.8423597350910869,1
0.8529999279990206,0
0.8637745215678616,0
0.8746852134677378,0
0.8857337228127475,0
0.8969217904318281,0
0.9082511791430442,0
0.9197236740313418,0
0.9313410827298104,0
0.9431052357044982,1
0.9550179865428238,0
0.9670812122456327,0
0.9792968135229411,0
0.9916667150934169,0
1.0041928659876425,0
1.0168772398552086,0
1.0297218352756872,0
1.0427286760735324,0
1.055899811636959,0
1.069237317240848,0
1.082743294373734,0
1.096419871068918,0
1.1102692022397669,0
1.1242934700192464,0
1.1384948841037423,1
1.1528756821012267,1
1.1674381298838195,0
1.182184521944805,0
1.1971171817601582,0
1.2122384621546354,0
1.227550745672493,1
1.243056444952885,0
1.2587580031100052,0
1.2746578941180287,0
1.2907586232009183,0
1.307062727227153,0
1.3235727751094426,1
1.3402913682094926,1
1.3572211407478787,0
1.3743647602191031,0
1.3917249278118908,0
1.4093043788347928,0
1.427105883147171,0
1.445132245595622,1
1.4633863064559145,0
1.4818709418805123,0
1.5005890643517448,1
1.5195436231407067,0
1.5387376047719503,0
1.5581740334940506,0
1.577855971756113,0
1.597786520690298,0
1.6179688206004457,0
1.6384060514568675,0
1.6591014333973892,0
1.680058227234726,0
1.7012797349702606,1
1.722769300314317,0
1.7445303092130011,0
1.7665661903816992,0
1.7888804158453158,1
1.811476501485331,0
1.8343580075937735,0
1.8575285394341874,1
1.8809917478096858,1
1.9047513296381813,0
1.9288110285348785,0
1.9531746354021298,0
1.9778459890267361,1
2.0028289766847958,1
2.028127534754195,0
2.0537456493348296,1
2.0796873568766667,1
2.105956744815735,0
2.132557952218152,1
2.1594951704322867,1
2.1867726437491535,1
2.214394670071159,1
2.2423656015892823,1
2.270689845468822,1
2.299371864543798,1
2.3284161780201247,0
2.357827362187669,0
2.3876100511413005,1
2.4177689375110503,0
2.4483087732014943,0
2.4792343701404707,0
2.5105506010372642,1
2.5422624001503555,1
2.574374764064878,1
2.606892752479893,1
2.6398214890056013,1
2.6731661619706393,1
2.706932025239558,1
2.741124399040637,0
2.7757486708041514,1
2.8108102960112293,1
2.846314799053426,0
2.882267774103165,1
2.9186748859951677,0
2.955541871119013,1
2.9928745383229844,1
3.0306787698293216,1
3.0689605221610328,0
3.1077258270804267,0
3.146980792539486,1
3.1867316036422535,1
3.2269845236193646,1
3.2677458948149063,1
3.3090221396857276,1
3.350819761813371,1
3.3931453469288027,1
3.4360055639500695,0
3.4794071660330657,1
3.523356991635586,0
3.5678619655947994,1
3.612929100218351,1
3.6585654963892256,1
3.704778344684594,0
3.7515749265087686,1
3.798962615240476,1
3.846948877394632,0
3.8955412737987793,1
3.944747460784384,1
3.9945751913931935,1
4.04503231659882,1
4.096126786543759,1
4.147866651792026,1
4.200260064597637,1
4.2533152801890814,1
4.30704065807004,1
4.361444663336535,0
4.416535868010701,1
4.472322952391414,0
4.528814706421986,1
4.586020031075123,0
4.643947939755388,1
4.702607559719363,1
4.762008133513777,1
4.822159020431773,1
4.883069697987577,1
4.944749763409809,1
5.007208935153638,1
5.0704570544320395,0
5.134504086766409,1
5.1993601235567475,1
5.265035383671692,1
5.331540215058611,1
5.398885096374069,1
5.467080638634855,1
5.5361375868898826,1
5.606066821913207,1
5.676879361918427,1
5.748586364294731,1
5.821199127364891,1
5.894729092165451,1
5.9691878442494035,1
6.044587115511624,1
6.1209387860373985,1
6.198254885974263,1
6.276547597427495,1
6.355829256379574,1
6.436112354633857,1
6.517409541782805,1
6.599733627201106,1
6.683097582063932,1
6.767514541390718,1
6.852997806114733,1
6.939560845178823,1
7.027217297657601,1
7.115980974906442,1
7.205865862737651,1
7.296886123624093,1
7.38905609893065,1
