a,pod,mc_lower,mc_upper
3.678794411714423340e-01,0.000000000000000000e+00,0.000000000000000000e+00,7.375038011081050133e-04
3.842270061816405180e-01,0.000000000000000000e+00,0.000000000000000000e+00,7.375038011081050133e-04
4.013010126611191719e-01,0.000000000000000000e+00,0.000000000000000000e+00,7.375038011081050133e-04
4.191337416993226039e-01,0.000000000000000000e+00,0.000000000000000000e+00,7.375038011081050133e-04
4.377589088697928510e-01,0.000000000000000000e+00,0.000000000000000000e+00,7.375038011081050133e-04
4.572117279747542895e-01,0.000000000000000000e+00,0.000000000000000000e+00,7.375038011081050133e-04
4.775289776223341498e-01,0.000000000000000000e+00,0.000000000000000000e+00,7.375038011081050133e-04
4.987490707622945774e-01,0.000000000000000000e+00,0.000000000000000000e+00,7.375038011081050133e-04
5.209121273117440776e-01,0.000000000000000000e+00,0.000000000000000000e+00,7.375038011081050133e-04
5.440600500081386182e-01,0.000000000000000000e+00,0.000000000000000000e+00,7.375038011081050133e-04
5.682366036329845604e-01,0.000000000000000000e+00,0.000000000000000000e+00,7.375038011081050133e-04
5.934874977560279374e-01,0.000000000000000000e+00,0.000000000000000000e+00,7.375038011081050133e-04
6.198604731563712722e-01,0.000000000000000000e+00,0.000000000000000000e+00,7.375038011081050133e-04
6.474053920839110132e-01,0.000000000000000000e+00,0.000000000000000000e+00,7.375038011081050133e-04
6.761743325317475239e-01,0.000000000000000000e+00,0.000000000000000000e+00,7.375038011081050133e-04
7.062216866978063834e-01,0.000000000000000000e+00,0.000000000000000000e+00,7.375038011081050133e-04
7.376042638218265335e-01,0.000000000000000000e+00,0.000000000000000000e+00,7.375038011081050133e-04
7.703813975921458557e-01,0.000000000000000000e+00,0.000000000000000000e+00,7.375038011081050133e-04
8.046150583253528499e-01,0.000000000000000000e+00,0.000000000000000000e+00,7.375038011081050133e-04
8.403699701308979808e-01,0.000000000000000000e+00,0.000000000000000000e+00,7.375038011081050133e-04
8.777137332821822735e-01,0.000000000000000000e+00,0.000000000000000000e+00,7.375038011081050133e-04
9.167169520254863091e-01,4.000000000000000192e-04,4.844552711822348802e-05,1.444182795866899962e-03
9.574533680683808834e-01,5.999999999999999474e-04,1.237515204693128454e-04,1.752443603396047116e-03
1.000000000000000000e+00,8.000000000000000383e-04,2.180147242495869694e-04,2.047039562921233562e-03
1.044437288906774564e+00,1.399999999999999986e-03,5.630520242895752092e-04,2.882394352803329882e-03
1.090849250458933550e+00,3.799999999999999992e-03,2.289351383877032391e-03,5.927837307156422729e-03
1.139323633755315646e+00,3.200000000000000153e-03,1.830148659819955809e-03,5.191411332075067907e-03
1.189952087226817001e+00,6.799999999999999621e-03,4.713660465491261581e-03,9.489470047401105460e-03
1.242830331912134767e+00,9.400000000000000369e-03,6.914711298230255196e-03,1.248060852625499338e-02
1.298058342433417112e+00,1.640000000000000138e-02,1.306410253306008844e-02,2.031634385931559844e-02
1.355740536013979813e+00,2.639999999999999986e-02,2.213444297744726619e-02,3.122984667915098059e-02
1.415985969895458441e+00,3.640000000000000180e-02,3.138112054890918046e-02,4.196900724775334129e-02
1.478908547527642448e+00,5.319999999999999729e-02,4.714156591177944000e-02,5.978648519507785003e-02
1.544627233920826903e+00,7.820000000000000562e-02,7.090597275112714426e-02,8.599085342504284024e-02
1.613266280567838828e+00,1.028000000000000025e-01,9.451577452715487215e-02,1.115511397360751666e-01
1.684955460360989754e+00,1.390000000000000124e-01,1.295238351830531598e-01,1.488997315261296472e-01
1.759830312948098552e+00,1.816000000000000114e-01,1.710025107950424450e-01,1.925705552431596357e-01
1.838032400991473247e+00,2.260000000000000064e-01,2.144698020372193537e-01,2.378509360077444568e-01
1.919709577814344037e+00,2.903999999999999915e-01,2.778427870345969164e-01,3.032023494967285293e-01
2.005016266940782277e+00,3.502000000000000113e-01,3.369682220356657321e-01,3.636068880238244594e-01
2.094113754057612908e+00,4.133999999999999897e-01,3.997043250216337773e-01,4.271968756141855117e-01
2.187170491950321427e+00,4.818000000000000060e-01,4.678641865513165077e-01,4.957570790056637366e-01
2.284362418989490440e+00,5.532000000000000250e-01,5.392919246853697945e-01,5.670459115052504107e-01
2.385873291769904814e+00,6.229999999999999982e-01,6.093981694115260250e-01,6.364580708521725416e-01
2.491895032531242116e+00,6.875999999999999890e-01,6.745466634434572617e-01,7.004339766447045257e-01
2.602628092017189587e+00,7.431999999999999718e-01,7.308510835819529428e-01,7.552643682085047327e-01
2.718281828459045091e+00,8.012000000000000233e-01,7.898633280759963515e-01,8.121839047313051951e-01
2.839074903400314653e+00,8.376000000000000112e-01,8.270806234542964486e-01,8.477235968069471994e-01
2.965235695110688852e+00,8.796000000000000485e-01,8.702575068152212934e-01,8.884967242660366527e-01
3.097002730371003931e+00,9.132000000000000117e-01,9.050528167909006605e-01,9.208608760469664256e-01
3.234625135445569288e+00,9.360000000000000542e-01,9.288576220546818085e-01,9.426279680629590096e-01
3.378363107094479734e+00,9.519999999999999574e-01,9.457054966230126203e-01,9.577597609081658359e-01
3.528488404516425536e+00,9.729999999999999760e-01,9.681218469170054242e-01,9.773147510258445303e-01
3.685284863152126889e+00,9.814000000000000501e-01,9.772615876102820343e-01,9.849618209010980729e-01
3.849048931319780653e+00,9.871999999999999664e-01,9.836837157842170942e-01,9.901288660253199092e-01
4.020090230697150879e+00,9.918000000000000149e-01,9.888920550122509701e-01,9.941092963264455129e-01
4.198732141709943910e+00,9.956000000000000405e-01,9.933458824236045537e-01,9.972405513049974468e-01
4.385312414933268066e+00,9.971999999999999753e-01,9.953065340106569403e-01,9.984683946845891445e-01
4.580183809662124794e+00,9.988000000000000211e-01,9.973899486891496524e-01,9.995594978654732676e-01
4.783714760858210902e+00,9.998000000000000220e-01,9.988861806196660531e-01,9.999949364512229488e-01
4.996290075734070690e+00,9.998000000000000220e-01,9.988861806196660531e-01,9.999949364512229488e-01
5.218311661291515691e+00,9.998000000000000220e-01,9.988861806196660531e-01,9.999949364512229488e-01
5.450199284189919169e+00,9.998000000000000220e-01,9.988861806196660531e-01,9.999949364512229488e-01
5.692391364380961605e+00,1.000000000000000000e+00,9.992624961988918475e-01,1.000000000000000000e+00
5.945345804010389479e+00,1.000000000000000000e+00,9.992624961988918475e-01,1.000000000000000000e+00
6.209540853153880491e+00,1.000000000000000000e+00,9.992624961988918475e-01,1.000000000000000000e+00
6.485476014023898728e+00,1.000000000000000000e+00,9.992624961988918475e-01,1.000000000000000000e+00
6.773672985357037213e+00,1.000000000000000000e+00,9.992624961988918475e-01,1.000000000000000000e+00
7.074676648767360909e+00,1.000000000000000000e+00,9.992624961988918475e-01,1.000000000000000000e+00
7.389056098930650407e+00,1.000000000000000000e+00,9.992624961988918475e-01,1.000000000000000000e+00
