threshold,threshold_db,pfa,a90,a90_95
4.000000000000000222e-01,-7.958800173440751635e+00,3.851355189231935316e-01,1.338794556469716790e+00,1.418043639338082862e+00
4.911764705882353255e-01,-6.175248917893436662e+00,1.717110092172677849e-01,1.411134711437597167e+00,1.492905439318902072e+00
5.823529411764706287e-01,-4.696274535614479717e+00,6.799294490071282338e-02,1.487383679744677334e+00,1.571861607104070080e+00
6.735294117647059320e-01,-3.432868694047341851e+00,2.528130851322723041e-02,1.567752669422340484e+00,1.655152365597261310e+00
7.647058823529412352e-01,-2.330111381428742412e+00,9.127479126878303844e-03,1.652464300874126879e+00,1.743033133193426343e+00
8.558823529411765385e-01,-1.351718561126955986e+00,3.264711405400209064e-03,1.741753223529548755e+00,1.835775347131021418e+00
9.470588235294118418e-01,-4.724609069284836371e-01,1.171005299417334162e-03,1.835866765818053636e+00,1.933667273794710040e+00
1.038235294117647145e+00,3.259157669113496025e-01,4.243223766459637471e-04,1.935065620263547892e+00,2.037014800294977945e+00
1.129411764705882337e+00,1.057046146505513429e+00,1.560216992665886459e-04,2.039624565597180972e+00,2.146142205744945741e+00
1.220588235294117752e+00,1.731383593396752518e+00,5.836562256941149103e-05,2.149833227888626297e+00,2.261392916038970302e+00
1.311764705882353166e+00,2.357118833397736424e+00,2.224515012345100150e-05,2.265996882804174106e+00,2.383130252090850831e+00
1.402941176470588136e+00,2.940789239957175560e+00,8.644014208388006769e-06,2.388437301213878428e+00,2.511738187618814955e+00
1.494117647058823550e+00,3.487695904833282956e+00,3.425162570089667972e-06,2.517493640490073403e+00,2.647622137735115899e+00
1.585294117647058965e+00,4.002196962889672527e+00,1.383816957217883118e-06,2.653523383966121418e+00,2.791209802935044060e+00
1.676470588235294379e+00,4.487918772604727380e+00,5.698566183247179246e-07,2.796903331157702954e+00,2.942952093988588924e+00
1.767647058823529349e+00,4.947911099209687080e+00,2.390804649730789505e-07,2.948030641489506998e+00,3.103324161568400186e+00
1.858823529411764763e+00,5.384763224802597392e+00,1.021368568239994120e-07,3.107323934418452893e+00,3.272826550545929969e+00
1.950000000000000178e+00,5.800692227250361377e+00,4.440483941853301935e-08,3.275224449000745164e+00,3.451986493504811904e+00
2.041176470588235592e+00,6.197611068251997146e+00,1.963488150146515895e-08,3.452197266114722662e+00,3.641359352119041048e+00
2.132352941176470562e+00,6.577181790574771370e+00,8.825010154043694299e-09,3.638732596725083646e+00,3.841530209561689890e+00
2.223529411764705976e+00,6.940857569179028630e+00,4.029326620591998709e-09,3.835347139756897672e+00,4.053115612767205000e+00
2.314705882352941391e+00,7.289916306336189145e+00,1.867785742157838215e-09,4.042585513340698711e+00,4.276765460560734589e+00
2.405882352941176361e+00,7.625487732581357037e+00,8.785237390169323361e-10,4.261021763393220141e+00,4.513165032453883008e+00
2.497058823529411775e+00,7.948575464033950766e+00,4.190589080341931792e-10,4.491260953712448156e+00,4.763037153090767362e+00
2.588235294117647189e+00,8.260075102158271676e+00,2.026116612920072233e-10,4.733940841991555182e+00,5.027144488563963343e+00
2.679411764705882604e+00,8.560789198614862983e+00,9.924392178490050948e-11,4.989733646394249433e+00,5.306291972714845429e+00
2.770588235294118018e+00,8.851439715012446641e+00,4.922498301864539403e-11,5.259347907584868587e+00,5.601329363731343491e+00
2.861764705882352988e+00,9.132678464521935879e+00,2.471217998613714705e-11,5.543530451371071699e+00,5.913153933583018329e+00
2.952941176470588402e+00,9.405095915334909407e+00,1.255137670837797069e-11,5.843068457395538928e+00,6.242713294906786281e+00
3.044117647058823817e+00,9.669228655013629492e+00,6.446834434755108213e-12,6.158791639606944202e+00,6.591008371780893604e+00
3.135294117647058787e+00,9.925565752965967548e+00,3.347381432924283877e-12,6.491574544550081427e+00,6.959096522369426552e+00
3.226470588235294201e+00,1.017455421064912002e+01,1.756322972071379596e-12,6.842338973841309624e+00,7.348094822699500206e+00
3.317647058823529616e+00,1.041660365210136874e+01,9.308696822600372765e-13,7.212056537539547563e+00,7.759183521887679902e+00
3.408823529411765030e+00,1.065209037842681639e+01,4.982083698172318413e-13,7.601751345485631361e+00,8.193609680011119778e+00
3.500000000000000000e+00,1.088136088700551340e+01,2.691721753075566434e-13,8.012502844064911756e+00,8.652691000572625413e+00
