raw,reference
2.942018346036379128e-01,0.000000000000000000e+00
3.105472391370376339e-01,7.921122226541648625e-54
1.293761013625648881e-01,3.977352168910201297e-53
2.697933928719850050e-01,1.439486359535281683e-52
1.375527459802663444e-01,4.432352784946973697e-52
4.457517119316810050e-01,1.215932920179537836e-51
3.164850936993184871e-01,3.005391831830459177e-51
2.418688606385727136e-01,6.618218746360942751e-51
3.830709082227413687e-01,1.239922074777731889e-50
3.169402434986494099e-01,1.674379282664922486e-50
2.746795393953674891e-01,1.697780877077058767e-65
1.049038869628361459e-01,-1.091832444108603741e-49
3.145588611178646854e-01,-5.272282821531190024e-49
3.058655878673056105e-01,-1.835048631277330332e-48
2.295946332938528789e-01,-5.433875904009273569e-48
1.817256862338624823e-01,-1.433574887105606165e-47
3.870252797749658691e-01,-3.407589264754694775e-47
2.770237355720013839e-01,-7.216433748463256961e-47
3.419232176452256522e-01,-1.300203333660708199e-46
3.407815290387207208e-01,-1.688519563518524242e-46
2.583429460478896544e-01,-3.293057091543885176e-61
8.261620870858576993e-02,1.018307620901222175e-45
2.613265466518583380e-01,4.728866672874844525e-45
1.083460543653781694e-01,1.582855685004983658e-44
3.913080326622843108e-01,4.507532119302097632e-44
3.332315654139262895e-01,1.143628238437691931e-43
3.302198452273991114e-01,2.614249893667435096e-43
2.350171901315606382e-01,5.324242874231715427e-43
2.714877263875025148e-01,9.225329281515127877e-43
3.575197440894404277e-01,1.152158080055945697e-42
3.306359992748638676e-01,3.241394299607188566e-57
2.664322010358294301e-01,-6.426221793597766446e-42
2.572493555920633557e-01,-2.869915818403569583e-41
3.755373831454564271e-01,-9.238230216111377727e-41
1.651447885751642919e-01,-2.530006646573703770e-40
1.453801459741264346e-01,-6.173096616540060644e-40
2.773787086161546012e-01,-1.357065077843510050e-39
1.106468539431304798e-01,-2.657949992795655520e-39
2.044309813751188920e-01,-4.429005256541835479e-39
2.738387035147742399e-01,-5.319511608086996564e-39
5.704621207862234922e-01,-1.918958857214942657e-53
4.252370142383213869e-01,2.744012878419481613e-38
3.588638085671078115e-01,1.178514592753954184e-37
3.756942306088770223e-01,3.648295091603909482e-37
2.672778425421134529e-01,9.608557915098193654e-37
1.821194969914083917e-01,2.254628518970533083e-36
4.151687024472964227e-01,4.766591874756012784e-36
3.077784224602018170e-01,8.978204044656347916e-36
4.990434828382379062e-01,1.438746343790448228e-35
2.258498330536854171e-01,1.661824548163464571e-35
3.961445635512650387e-01,7.206501101775830681e-50
4.468772759730997857e-01,-7.928121514531687250e-35
5.150838938913970821e-02,-3.274571585086568967e-34
9.857488611536435741e-02,-9.748658456105527077e-34
2.889495888386381939e-01,-2.469155721083529082e-33
4.566876524494782874e-01,-5.571865648920254611e-33
4.511748837673581480e-01,-1.132841055602861695e-32
4.085662681983107114e-01,-2.052040153930087952e-32
7.557781889822540178e-02,-3.162394079448499838e-32
1.876591987681760498e-01,-3.512790884030787880e-32
2.264106512768985502e-01,-1.757956815229116360e-46
2.635005845964514259e-01,1.549916025235152538e-31
3.665623795011974106e-01,6.156412785073990200e-31
3.234569643910655823e-01,1.762598797268450908e-30
2.002797988697787579e-01,4.293312158200386047e-30
3.934210409205144421e-01,9.317083633057029842e-30
1.590883279101352743e-01,1.821728739094568174e-29
2.728902643161521535e-01,3.173481392435954455e-29
4.173379932101483059e-01,4.703286792431709335e-29
3.248926360801125401e-01,5.024271991860734950e-29
2.619353223318539037e-01,2.821052761855116829e-43
3.718123732089319011e-01,-2.050216655577867008e-28
4.203971530964333292e-01,-7.831675633659053821e-28
4.304597424794896487e-01,-2.156332863134450664e-27
3.096668357828762375e-01,-5.051148892701988869e-27
2.530289654998905680e-01,-1.054175866903870926e-26
3.599975516370433337e-01,-1.982221385938553472e-26
5.438225461635910474e-01,-3.320777483684674931e-26
4.181734612402421281e-01,-4.733045209547258210e-26
2.829433282034902186e-01,-4.862366663719929263e-26
3.148435998322830498e-01,-3.000634447271494793e-40
2.557060510903559347e-01,1.835038008244114740e-25
3.870943895089960507e-01,6.741171412318003852e-25
3.257799842844787963e-01,1.784973825175305508e-24
3.752399684916767342e-01,4.021069620278491223e-24
4.020319079457591593e-01,8.070489255152471010e-24
5.130922696210840073e-01,1.459399936650438903e-23
3.316805303850244857e-01,2.351241904024428917e-23
3.054071305301138683e-01,3.222801537150040576e-23
-9.733459387297749288e-03,3.184021461064507139e-23
4.250918292418092159e-01,2.125833594898460413e-37
4.448152454101015896e-01,-1.111332688303379029e-22
4.425597176257541898e-01,-3.926176026287611868e-22
4.537410038875343554e-01,-9.997734980300632414e-22
4.971155911365955360e-01,-2.165941549923916625e-21
3.389181843458350940e-01,-4.180616935517035517e-21
3.991511654765553807e-01,-7.270264424944254994e-21
1.918209548698876221e-01,-1.126441309178399554e-20
4.843060618273376527e-01,-1.484841815303518408e-20
3.592237772567902221e-01,-1.410775748389426091e-20
2.429538708236815558e-01,-1.006477631777371122e-34
2.809721479310021142e-01,4.554039900591451052e-20
2.402400027412855410e-01,1.547240701470576757e-19
3.391169074625374757e-01,3.789004373834902811e-19
5.275796726569479400e-01,7.894153932326756687e-19
4.211061767134108291e-01,1.465327180440242182e-18
4.808080039264799321e-01,2.450641639571705155e-18
2.787542594139850172e-01,3.651518810073181462e-18
3.931914224425248072e-01,4.628929162318389307e-18
4.182664657524152174e-01,4.229545511827577830e-18
4.395585062083573469e-01,1.161034026622307322e-31
4.028042754595544395e-01,-1.262709047046483396e-17
3.687018077423104279e-01,-4.125719653058518085e-17
4.264600255885817592e-01,-9.716331216881110155e-17
3.812494266971819812e-01,-1.946785786476671880e-16
4.604391358779558185e-01,-3.475222003601865658e-16
3.385417402598768222e-01,-5.589373456577054349e-16
3.893880793094502413e-01,-8.009257077511138164e-16
3.292464912603783045e-01,-9.764153495121818734e-16
5.617277953495940501e-01,-8.579918008069822590e-16
2.080216284501731350e-01,-6.793307435660222802e-30
3.912744277180852936e-01,2.368991327378099318e-15
5.116757813926178233e-01,7.443809742347987496e-15
3.013244906888448149e-01,1.685905522303763822e-14
4.592417218956645897e-01,3.248511891664639827e-14
5.150430354867913119e-01,5.576789079111527393e-14
3.113552222754766285e-01,8.625815524347225084e-14
4.174809808931297384e-01,1.188679144938101264e-13
3.602512312010024975e-01,1.393613611114168715e-13
4.092602209944026237e-01,1.177677264058720205e-13
3.394384759615900471e-01,-1.196390151462496240e-27
3.282567732642893144e-01,-3.007304246500708091e-13
4.865960714595232162e-01,-9.087502281705525602e-13
3.469769298924590961e-01,-1.979328479528516320e-12
3.441366356341718502e-01,-3.667790092281816127e-12
3.536108187462899677e-01,-6.055354917708205857e-12
4.170269421593255643e-01,-9.007223135024230512e-12
2.975429814032654052e-01,-1.193687842603789177e-11
1.812801532310017449e-01,-1.345872373930634917e-11
3.999092979831716521e-01,-1.093762833727939922e-11
2.824530612079720893e-01,-9.344129029062202090e-26
5.134686103896478615e-01,2.583122380792897696e-11
5.686522573352963406e-01,7.506673372749528048e-11
5.190119268233854832e-01,1.572375368349662600e-10
4.433613742307569439e-01,2.802064985029037779e-10
4.432128965092662076e-01,4.448859650129352614e-10
3.655360062335633042e-01,6.364076556474012553e-10
1.907682318693572077e-01,8.110929307686406906e-10
4.481910627417604043e-01,8.794660842929188746e-10
3.878381862213458597e-01,6.873433749344242922e-10
3.270917158912350353e-01,1.775207783748185680e-23
3.915755895653245111e-01,-1.501295956840495732e-09
2.911895816297801476e-01,-4.195698030751324025e-09
3.872446167753754165e-01,-8.451782420363593828e-09
1.762217246634436851e-01,-1.448457147925215400e-08
3.923113669024903549e-01,-2.211625175827148285e-08
4.871206930148735958e-01,-3.042521018122631574e-08
3.302969841350609226e-01,-3.729101289425781014e-08
3.748206407012051322e-01,-3.888553077680670687e-08
5.831652222498427962e-01,-2.922658400778688042e-08
4.564248324756811082e-01,-2.639103445229086388e-22
2.553196493791336508e-01,5.903932258097177250e-08
5.356441882085359873e-01,1.586772431682569474e-07
3.425745843589411699e-01,3.073930913676338365e-07
3.291506100760565046e-01,5.066252340994694088e-07
3.898638881533729728e-01,7.439231317435030044e-07
4.228131992813568552e-01,9.842048408910536924e-07
4.524473852513880567e-01,1.160089407366341035e-06
3.080703200292190247e-01,1.163350778155640307e-06
2.621771567504055378e-01,8.408839889858979741e-07
4.488016889869870241e-01,-5.481214106767764130e-21
4.577285356817644701e-01,-1.570978113092364906e-06
3.227623955106344589e-01,-4.060493195593268978e-06
3.251155647979012686e-01,-7.564733188846843503e-06
4.413297493198117816e-01,-1.199006953025034227e-05
6.169546928182199075e-01,-1.693161243612999206e-05
4.086935301190247061e-01,-2.154225312244457242e-05
5.787362693051785190e-01,-2.441925785771851268e-05
3.885749629587750276e-01,-2.354979093628866668e-05
3.934164146729049460e-01,-1.636996784872450647e-05
3.514044357780274908e-01,-1.537975609036956261e-19
2.818830773961898961e-01,2.828476802292685400e-05
4.997555325307238561e-01,7.030668895310206135e-05
2.722489804629489862e-01,1.259641165951373557e-04
4.863630834650666812e-01,1.920040120767737310e-04
4.264641304474688366e-01,2.607487846688268129e-04
6.520357423260929597e-01,3.190439182401801554e-04
6.275722830977902289e-01,3.477980785994244607e-04
4.423372973501563110e-01,3.225649279609801487e-04
4.535540325854728883e-01,2.156320380197898699e-04
3.320960925207435688e-01,5.196494420133328828e-18
3.824886616239427384e-01,-3.445790156192012131e-04
3.253377290177633108e-01,-8.236983995819810965e-04
3.923209738651367018e-01,-1.419233303208252339e-03
5.165131026948077686e-01,-2.080427682285605762e-03
4.825889869019265310e-01,-2.717064729323583668e-03
5.595793642351271080e-01,-3.197153840089343897e-03
4.378332187872567283e-01,-3.351780839534173901e-03
4.428030564602749575e-01,-2.989516486127809236e-03
3.041439420993842235e-01,-1.921907434508566105e-03
5.056435450463931947e-01,-1.855505826697146255e-17
5.416448187824661753e-01,2.840395060653178125e-03
2.813405546380695066e-01,6.529704332946974568e-03
3.739651544579572495e-01,1.081968108588661145e-02
4.164631953743425652e-01,1.525276791276931714e-02
5.793353890255814598e-01,1.915717183712913746e-02
2.992700027692768439e-01,2.167855426296998178e-02
4.710610508619316739e-01,2.185635658559061806e-02
3.757393343743883340e-01,1.874728916319187352e-02
4.157650813582307592e-01,1.159058520559036985e-02
4.424742278192260736e-01,-4.310017232329240237e-17
4.947049034686223923e-01,-1.584245161940870186e-02
3.676129493446076424e-01,-3.502454719194622590e-02
3.593736814200313989e-01,-5.581216176862793116e-02
4.388864693060692823e-01,-7.566558919971136388e-02
4.890115132827274058e-01,-9.139375535604724043e-02
3.882281593775370743e-01,-9.946054064354419022e-02
5.467665702916552073e-01,-9.643476780601871468e-02
3.862856522388533609e-01,-7.954808360130560807e-02
4.392305719985895029e-01,-4.729682404712923227e-02
4.862427466171980184e-01,-1.689671621028262841e-15
4.715559176325551105e-01,5.978878779812484001e-02
5.154582085633963029e-01,1.271174756471779854e-01
4.117524573351186157e-01,1.948035857698519890e-01
6.999299637933004137e-01,2.539813880805932844e-01
6.562296903278455051e-01,2.950226561744428433e-01
6.385797208577448369e-01,3.087628446124580650e-01
5.671457138921277563e-01,2.879010366905150886e-01
4.358683391806659757e-01,2.283887370101445047e-01
3.048967424067088317e-01,1.305907187863536989e-01
3.207050161048012327e-01,2.916124417361135371e-15
3.774074581054407962e-01,-1.526760182316545533e-01
1.190652375907695071e-01,-3.121703910822302142e-01
3.074197673485574156e-01,-4.600645466675138961e-01
1.355452556854550017e-01,-5.768449362524985524e-01
2.320867331888897822e-01,-6.443887248251952693e-01
3.036492730780712135e-01,-6.485641951467946420e-01
4.251072406992253416e-01,-5.815760805997438609e-01
3.996742116664837030e-01,-4.436835858954626399e-01
7.092765765357681440e-01,-2.439755824507708892e-01
6.203574263217428442e-01,-2.417680749220695884e-15
7.141621505144571946e-01,2.638005033518180942e-01
5.869369874712254687e-01,5.187186645330128520e-01
9.577172470749961697e-01,7.351810522582898910e-01
7.538405381938111383e-01,8.864821492134834502e-01
7.112179126939581764e-01,9.523447998951763971e-01
6.689244195602475074e-01,9.217955834585576103e-01
6.835510942447602378e-01,7.949202526428778004e-01
5.350677634357864365e-01,5.832110711694171723e-01
3.963517155454095997e-01,3.084140345774130654e-01
2.946211778186557662e-01,-4.910966809321179854e-16
1.026716466150246754e-01,-3.084140345774140091e-01
2.093544432920112497e-01,-5.832110711694066252e-01
2.304081929040018295e-01,-7.949202526428701399e-01
3.628321982499375098e-01,-9.217955834585536135e-01
4.749405962371979206e-01,-9.523447998951763971e-01
4.311383242736038790e-01,-8.864821492134832281e-01
4.976927812014016461e-01,-7.351810522582894469e-01
3.151070681182397415e-01,-5.187186645330121859e-01
2.451093121714787437e-01,-2.638005033518173725e-01
4.943248284142323090e-01,3.225610970627128436e-15
7.407649876979280901e-01,2.439755824507609250e-01
6.398792406146361911e-01,4.436835858954545908e-01
9.235957840976164457e-01,5.815760805997381988e-01
8.286784372969913104e-01,6.485641951467918664e-01
4.033997216705663691e-01,6.443887248251952693e-01
7.498160556063900861e-01,5.768449362524983304e-01
6.368707448290193973e-01,4.600645466675136186e-01
3.931745080050798036e-01,3.121703910822359318e-01
4.858771285879368573e-01,1.526760182316607428e-01
3.881071810701033908e-01,3.140398081775727338e-15
4.712369089258021670e-01,-1.305907187863483698e-01
3.818129912689793848e-01,-2.283887370101448655e-01
3.482504977923145395e-01,-2.879010366905153107e-01
4.785270692448518881e-01,-3.087628446124581760e-01
4.850962840430156908e-01,-2.950226561744428433e-01
5.024863158004772012e-01,-2.539813880805931734e-01
4.831341637640533260e-01,-1.948035857698538764e-01
4.823746340770240781e-01,-1.271174756471803169e-01
5.163515716784905507e-01,-5.978878779812726862e-02
4.374919389798902492e-01,-5.912356514547649337e-16
5.008057749166462402e-01,4.729682404712937799e-02
5.700004414477036763e-01,7.954808360130571909e-02
6.962905011490259088e-01,9.643476780601879794e-02
7.051865984397822640e-01,9.946054064354376001e-02
7.873289259358109415e-01,9.139375535604724043e-02
5.418740833957984560e-01,7.566558919971169694e-02
4.555038479425426723e-01,5.581216176862846545e-02
6.312073395917335850e-01,3.502454719194618427e-02
2.793827345643320470e-01,1.584245161940865329e-02
5.330067939839885360e-01,-5.439222228791427265e-20
4.683177107495793967e-01,-1.159058520559040455e-02
4.592349130388495571e-01,-1.874728916319190128e-02
5.676207862856678110e-01,-2.185635658559040642e-02
5.504462178314023513e-01,-2.167855426296988811e-02
5.977683010604105673e-01,-1.915717183712913746e-02
5.302183642137292541e-01,-1.525276791276938132e-02
6.339732723876815301e-01,-1.081968108588666003e-02
5.104624031145958973e-01,-6.529704332946965895e-03
7.682081750553760857e-01,-2.840395060653169452e-03
4.293967125092973958e-01,-8.166101316526258021e-17
6.510195052318373810e-01,1.921907434508487826e-03
4.316557573992728658e-01,2.989516486127755026e-03
5.088365306287017109e-01,3.351780839534159156e-03
6.373424690707331086e-01,3.197153840089337392e-03
6.798463359800901440e-01,2.717064729323583668e-03
4.329826723621276741e-01,2.080427682285604894e-03
3.385513511740324555e-01,1.419233303208251255e-03
4.741184353848084676e-01,8.236983995819800123e-04
6.456072101706874511e-01,3.445790156192152535e-04
5.792281672938445203e-01,6.495344489481610127e-18
6.092355071805369837e-01,-2.156320380197858041e-04
6.072637662633084688e-01,-3.225649279609773840e-04
7.595950228001647764e-01,-3.477980785994229428e-04
6.096660158566064025e-01,-3.190439182401802638e-04
6.016354462426398708e-01,-2.607487846688268129e-04
6.317543234983746814e-01,-1.920040120767745712e-04
7.348321530348778108e-01,-1.259641165951385755e-04
5.164459527310401032e-01,-7.030668895310333529e-05
4.480192736346598203e-01,-2.828476802292738594e-05
6.012679085126719780e-01,-2.734178860510144411e-19
4.301424537462260056e-01,1.636996784872419815e-05
6.750304413050056684e-01,2.354979093628869718e-05
5.009095233346199105e-01,2.441925785771852962e-05
6.198726556145796041e-01,2.154225312244457919e-05
5.686512161473971094e-01,1.693161243612999206e-05
8.078675370218985075e-01,1.199006953025039140e-05
6.479108610710192506e-01,7.564733188846876537e-06
3.799501022367278713e-01,4.060493195593302859e-06
5.355128251802691031e-01,1.570978113092394552e-06
6.069383996480757215e-01,1.820920099181795303e-21
5.334629875570092716e-01,-8.408839889859004094e-07
6.975212272554565107e-01,-1.163350778155619343e-06
6.228684023072288412e-01,-1.160089407366330024e-06
5.714125993837797512e-01,-9.842048408910494573e-07
5.024774714416818666e-01,-7.439231317435030044e-07
7.459102117963379852e-01,-5.066252340994703617e-07
5.468500247786346469e-01,-3.073930913676351600e-07
4.364654722539953458e-01,-1.586772431682567357e-07
4.566340792240647373e-01,-5.903932258097159383e-08
4.947262366625713170e-01,3.961989912873150933e-22
4.862804592554151317e-01,2.922658400778569590e-08
6.265745852798740856e-01,3.888553077680600542e-08
7.863152246470700435e-01,3.729101289425764470e-08
6.321274955807200113e-01,3.042521018122624956e-08
5.228990556684768309e-01,2.211625175827148285e-08
5.475817787698205041e-01,1.448457147925214739e-08
5.718171717071637294e-01,8.451782420363588865e-09
7.961773301865633368e-01,4.195698030751400953e-09
6.741520248930565895e-01,1.501295956840556943e-09
3.396638250487062360e-01,2.581935072246748695e-23
6.417072529503300427e-01,-6.873433749344112641e-10
6.506195658987694586e-01,-8.794660842929115334e-10
6.736378339409446747e-01,-8.110929307686369682e-10
5.384722917331796754e-01,-6.364076556474014621e-10
7.151829410482952731e-01,-4.448859650129352614e-10
6.256984642610784464e-01,-2.802064985029036745e-10
3.937291014172665249e-01,-1.572375368349677852e-10
5.680909362474213520e-01,-7.506673372749666343e-11
7.367729169981823700e-01,-2.583122380792946487e-11
6.249260210542737504e-01,-2.402776036044566252e-25
6.583437761031670776e-01,1.093762833727919242e-11
5.828528513813850953e-01,1.345872373930636855e-11
5.303053703769573524e-01,1.193687842603789985e-11
6.518032245794033175e-01,9.007223135024191738e-12
5.816734368264082633e-01,6.055354917708205857e-12
4.175660105099820996e-01,3.667790092281832283e-12
5.937768631130004859e-01,1.979328479528524802e-12
7.450049333301395071e-01,9.087502281705603352e-13
5.587571339614487709e-01,3.007304246500764636e-13
8.459391614361038148e-01,5.970619815365104059e-28
5.959441824668535448e-01,-1.177677264058723739e-13
6.221666000242139782e-01,-1.393613611114170734e-13
6.777771651054205204e-01,-1.188679144938089904e-13
6.809797415141840560e-01,-8.625815524347187218e-14
6.538803721556735171e-01,-5.576789079111527393e-14
6.389141364901962383e-01,-3.248511891664646138e-14
7.525056236141197674e-01,-1.685905522303771711e-14
5.021489334101572055e-01,-7.443809742347978029e-15
7.273464668679263667e-01,-2.368991327378092218e-15
6.496061035936502304e-01,-5.435790476012617719e-29
6.572826460828329331e-01,8.579918008069472533e-16
7.311967210264069816e-01,9.764153495121641241e-16
7.439797640373461141e-01,8.009257077511102666e-16
5.729071588120742131e-01,5.589373456577042516e-16
5.517315058803282657e-01,3.475222003601865658e-16
7.432631891498260313e-01,1.946785786476671387e-16
5.260926433480082043e-01,9.716331216881103992e-17
6.549810203228126904e-01,4.125719653058513154e-17
6.471664091811665243e-01,1.262709047046534548e-17
6.289743681371147144e-01,1.973552507193635635e-31
5.706062155840458949e-01,-4.229545511827497711e-18
5.646611731798819589e-01,-4.628929162318350018e-18
6.217009106395698925e-01,-3.651518810073165284e-18
6.761117097353314120e-01,-2.450641639571705926e-18
7.239082427752702165e-01,-1.465327180440242182e-18
5.919836050452623732e-01,-7.894153932326791353e-19
6.357514039972448350e-01,-3.789004373834939404e-19
4.715994088045736277e-01,-1.547240701470604683e-19
5.252201620683640826e-01,-4.554039900591537117e-20
7.474036964043212494e-01,-4.025910527109484488e-34
8.672551217688535541e-01,1.410775748389399609e-20
6.386928069973331068e-01,1.484841815303513293e-20
6.877395253137964515e-01,1.126441309178400306e-20
5.393781230915692948e-01,7.270264424944256499e-21
3.954160346761153022e-01,4.180616935517035517e-21
7.623468048711383727e-01,2.165941549923923396e-21
7.417218027138609004e-01,9.997734980300677553e-22
6.285121404267243195e-01,3.926176026287721895e-22
5.604920255103902349e-01,1.111332688303399952e-22
5.214362736210487181e-01,3.024124094696371227e-36
5.794375110983692734e-01,-3.184021461064517131e-23
6.786175227132054122e-01,-3.222801537149981214e-23
6.896090614689639464e-01,-2.351241904024430386e-23
7.438015977104441845e-01,-1.459399936650434495e-23
5.435721013814150959e-01,-8.070489255152471010e-24
5.392171686752940118e-01,-4.021069620278499305e-24
6.061785360672982126e-01,-1.784973825175331957e-24
7.194758773257153850e-01,-6.741171412318026811e-25
7.950902807973221353e-01,-1.835038008244189586e-25
7.643951714512851048e-01,6.008852038603930924e-40
6.746665235378674907e-01,4.862366663719730669e-26
6.976269194648638816e-01,4.733045209547288057e-26
5.705061449848112254e-01,3.320777483684660008e-26
6.369090041893520349e-01,1.982221385938558638e-26
7.454279923215800796e-01,1.054175866903870926e-26
6.427664503932571938e-01,5.051148892702016850e-27
6.329233098985793671e-01,2.156332863134449229e-27
7.370355364580682966e-01,7.831675633659195520e-28
7.374357589837364779e-01,2.050216655577860730e-28
7.052134591949653641e-01,2.902061658409571178e-42
5.073261670795109479e-01,-5.024271991860859385e-29
6.402750655588453910e-01,-4.703286792431669538e-29
6.522483675132213499e-01,-3.173481392435907371e-29
6.700602858426609743e-01,-1.821728739094566212e-29
5.766735036412664606e-01,-9.317083633057029842e-30
5.644270223514628038e-01,-4.293312158200384646e-30
5.265911103065356036e-01,-1.762598797268467723e-30
7.426708612859251879e-01,-6.156412785073951665e-31
6.751145888666838513e-01,-1.549916025235181659e-31
5.915005358824954040e-01,-4.689069553601250469e-45
5.563803718198885306e-01,3.512790884030721647e-32
6.753516816560434233e-01,3.162394079448427036e-32
5.644504029797127176e-01,2.052040153930089320e-32
8.232626397990887579e-01,1.132841055602856905e-32
6.171677269758111262e-01,5.571865648920254611e-33
5.928178356544806515e-01,2.469155721083536608e-33
6.486118672208182057e-01,9.748658456105468918e-34
6.737496825201789719e-01,3.274571585086596764e-34
6.581747126915608037e-01,7.928121514532184385e-35
6.515544915510210755e-01,2.304623382397712676e-49
5.566238506294411970e-01,-1.661824548163387862e-35
7.765464579026056802e-01,-1.438746343790450367e-35
6.602264906779132803e-01,-8.978204044656273078e-36
8.015325233598027399e-01,-4.766591874756019466e-36
6.984660472704138368e-01,-2.254628518970533083e-36
5.499444969757414370e-01,-9.608557915098168597e-37
6.659018093419536433e-01,-3.648295091603921176e-37
5.297009086455451987e-01,-1.178514592753981330e-37
9.004765550132307617e-01,-2.744012878419488400e-38
5.809239569022565108e-01,-4.990262939737145134e-52
8.448473858750854548e-01,5.319511608087041589e-39
6.384298125249001643e-01,4.429005256541776751e-39
7.918659170670965253e-01,2.657949992795667918e-39
7.828884413702726919e-01,1.357065077843507440e-39
6.294826700116425977e-01,6.173096616540060644e-40
6.607877305436626880e-01,2.530006646573705809e-40
8.513334186482429677e-01,9.238230216111477646e-41
6.794196400061793817e-01,2.869915818403566014e-41
6.453290722431764825e-01,6.426221793597993302e-42
9.109024411284611933e-01,-4.325135701183162816e-56
6.758173240994784781e-01,-1.152158080055917500e-42
7.409904942228198177e-01,-9.225329281514869796e-43
6.231012617334541481e-01,-5.324242874231697903e-43
7.199019596682758593e-01,-2.614249893667421156e-43
7.006732280608326535e-01,-1.143628238437691931e-43
8.681256236138727989e-01,-4.507532119302116550e-44
8.868585786243990965e-01,-1.582855685004980671e-44
7.139632568587515049e-01,-4.728866672874907377e-45
5.569524590358782001e-01,-1.018307620901202417e-45
6.496047360015375638e-01,-7.903337019705322765e-60
8.688596585321998189e-01,1.688519563518427980e-46
7.455216720210752213e-01,1.300203333660703532e-46
5.295421057832339073e-01,7.216433748463178201e-47
7.272646336983884519e-01,3.407589264754695747e-47
5.967538698904251149e-01,1.433574887105606165e-47
7.440963174180693640e-01,5.433875904009265668e-48
5.473185488487520844e-01,1.835048631277340967e-48
6.548257016810387077e-01,5.272282821531130771e-49
3.899365764727319439e-01,1.091832444108618365e-49
7.645259647657429714e-01,2.309496864617456914e-63
7.295800329994454048e-01,-1.674379282664918450e-50
6.060355899501558286e-01,-1.239922074777709099e-50
6.793290362166106711e-01,-6.618218746360956994e-51
5.378433962700260862e-01,-3.005391831830449681e-51
7.289507874179097513e-01,-1.215932920179537836e-51
6.972208339033534319e-01,-4.432352784946982599e-52
7.603296983932976705e-01,-1.439486359535300971e-52
5.622152224202148219e-01,-3.977352168910215207e-53
8.332364511120472494e-01,-7.921122226542014909e-54
7.303146481297542181e-01,9.500224575398448874e-69
8.245500990544992748e-01,1.123454025540647409e-54
7.043772029758530451e-01,8.000759700160924910e-55
8.876401299312414173e-01,4.106892394714810719e-55
9.066602372067622539e-01,1.793530143178596471e-55
7.941612363174499478e-01,6.978347093668118847e-56
6.718770132332766432e-01,2.446316485127050919e-56
7.839757807298394221e-01,7.640490633494540997e-57
7.948594552710298577e-01,2.030220048955806527e-57
6.716646794345810800e-01,3.888401948362304665e-58
7.079234163672888380e-01,4.474169144992057539e-72
6.808817108030630338e-01,-5.100473385092902136e-59
