ID,size,Test A,Test B,Test C,Test D
1,6,189,192,179,171
2,6,156,166,141,136
3,7,159,137,132,141
4,7,100,97,87,88
5,7,162,147,137,132
6,8,216,221,194,194
7,8,168,148,146,139
8,8,165,152,135,133
9,9,369,376,353,322
10,9,559,568,397,381
11,9,317,324,217,254
12,9,337,363,252,276
13,10,92,87,81,84
14,10,207,198,212,167
15,10,403,394,399,410
16,10,443,413,286,322
17,11,300,290,329,380
18,11,326,318,251,249
19,12,50,50,50,50
20,12,50,50,50,50
21,12,333,304,356,343
22,12,388,414,311,312
23,13,546,519,470,468
24,13,156,139,157,147
25,13,422,342,445,403
26,13,655,614,521,429
27,13,487,537,524,500
28,13,410,370,316,438
29,14,485,439,426,410
30,14,146,138,131,148
31,14,50,50,50,50
32,14,636,621,622,512
33,14,588,610,500,495
34,15,595,509,539,545
35,15,588,482,532,499
36,15,359,353,306,294
37,15,274,260,242,259
38,15,421,381,420,382
39,15,468,415,505,469
40,15,576,548,503,506
41,16,573,537,592,588
42,16,721,672,571,659
43,17,356,352,290,287
44,17,780,671,678,697
45,17,467,437,516,459
46,17,455,435,378,523
47,17,502,461,398,547
48,17,551,483,444,551
49,18,666,599,575,553
50,18,558,507,608,605
51,18,738,728,577,608
52,19,342,344,298,256
53,19,556,514,643,549
54,19,614,568,608,538
55,19,777,843,691,673
56,20,770,645,604,580
57,20,865,838,820,801
58,20,593,563,576,585
59,20,681,638,608,788
60,21,750,751,731,785
61,22,770,736,841,818
62,23,766,703,658,887
63,24,788,756,810,845
64,24,722,731,689,819
65,25,736,713,803,756
66,27,876,787,903,876
67,27,798,763,777,822
68,27,987,963,882,903
69,28,845,818,739,795
70,29,856,777,963,871
71,29,935,1040,998,983
72,30,838,753,866,902
73,30,792,778,901,895
74,31,902,729,1093,1026
75,32,769,811,975,839
76,32,1098,1208,1141,1106
77,32,849,864,1115,1009
78,32,969,938,1066,1177
79,33,865,865,1046,962
80,33,956,853,1139,1038
81,34,823,740,870,922
82,35,894,830,897,1110
83,39,1226,1159,1319,1238
84,41,787,743,753,793
85,42,1319,1176,1462,1294
86,45,1180,1079,1475,1329
87,48,1449,1344,1784,1441
88,50,1190,1277,1492,1307
89,50,1536,1335,1573,1441
90,52,1223,1283,1574,1400
91,53,1606,1375,1941,1675
92,65,1297,1189,1284,1469
